t_s,h_real,h_bruto,h_filtrado,v_filtrada,estado
-0.997,0.00,-0.43,-0.03,-1.08,1
-0.977,0.00,-0.34,-0.15,-2.18,1
-0.957,0.00,-0.21,-0.20,-2.22,1
-0.939,0.00,-0.25,-0.24,-2.25,1
-0.917,0.00,-0.40,-0.33,-2.65,1
-0.896,0.00,-0.04,-0.26,-1.35,1
-0.876,0.00,0.40,-0.04,1.24,1
-0.855,0.00,0.28,0.09,2.38,1
-0.834,0.00,-0.26,-0.01,0.86,1
-0.816,0.00,-0.13,-0.04,0.34,1
-0.796,0.00,0.47,0.14,2.17,1
-0.775,0.00,-0.15,0.07,0.92,1
-0.755,0.00,0.11,0.10,1.02,1
-0.736,0.00,-0.29,-0.02,-0.45,1
-0.718,0.00,-0.08,-0.05,-0.64,1
-0.698,0.00,0.13,0.00,0.06,1
-0.676,0.00,-0.05,-0.02,-0.16,1
-0.656,0.00,0.07,0.01,0.17,1
-0.636,0.00,-0.51,-0.17,-1.78,1
-0.615,0.00,-0.31,-0.24,-2.18,1
-0.594,0.00,-0.21,-0.26,-1.87,1
-0.576,0.00,0.41,-0.05,0.73,1
-0.555,0.00,0.42,0.13,2.44,1
-0.534,0.00,-0.45,-0.05,0.05,1
-0.515,0.00,0.37,0.10,1.58,1
-0.495,0.00,-0.05,0.07,0.92,1
-0.476,0.00,-0.37,-0.07,-0.74,1
-0.456,0.00,-0.38,-0.19,-1.81,1
-0.435,0.00,0.37,-0.01,0.42,1
-0.415,0.00,-0.24,-0.09,-0.44,1
-0.395,0.00,0.57,0.14,2.03,1
-0.375,0.00,0.43,0.26,2.97,1
-0.356,0.00,-0.79,-0.06,-1.12,1
-0.335,0.00,0.37,0.07,0.59,1
-0.316,0.00,-0.25,-0.03,-0.68,1
-0.295,0.00,4.73,1.65,17.37,1
-0.273,0.00,-0.36,1.16,8.14,1
-0.253,0.00,0.22,0.93,3.94,1
-0.233,0.00,0.49,0.83,1.97,1
-0.212,0.00,0.22,0.64,-0.49,1
-0.192,0.00,-0.12,0.36,-3.31,1
-0.173,0.00,0.13,0.24,-3.92,1
-0.154,0.00,0.11,0.15,-4.14,1
-0.133,0.00,-0.34,-0.08,-5.63,1
-0.111,0.00,0.09,-0.10,-4.52,1
-0.090,0.00,-0.05,-0.15,-3.96,1
-0.070,0.00,0.15,-0.09,-2.52,1
-0.049,0.00,0.05,-0.07,-1.79,1
-0.029,0.00,0.39,0.07,0.11,1
-0.009,0.00,-0.15,-0.01,-0.73,1
0.011,0.00,0.29,0.09,0.47,1
0.032,0.00,-0.06,0.04,-0.13,1
0.052,0.02,-0.22,-0.05,-1.12,1
0.074,0.05,0.15,0.01,-0.24,1
0.093,0.09,0.23,0.08,0.63,1
0.111,0.15,0.70,0.30,2.83,1
0.132,0.23,0.02,0.24,1.56,1
0.153,0.33,0.13,0.22,1.01,1
0.173,0.44,0.31,0.26,1.25,1
0.195,0.59,0.55,0.38,2.24,1
0.215,0.74,0.99,0.63,4.37,1
0.234,0.90,0.96,0.80,5.31,1
0.255,1.08,1.37,1.07,7.04,1
0.276,1.29,1.48,1.31,8.02,1
0.296,1.51,2.47,1.83,11.79,1
0.316,1.74,1.78,1.96,10.75,1
0.336,1.99,1.96,2.10,9.90,1
0.356,2.25,2.52,2.38,10.70,1
0.377,2.55,2.45,2.55,10.14,1
0.398,2.87,2.57,2.70,9.38,1
0.419,3.21,3.17,2.99,10.43,1
0.441,3.57,3.45,3.30,11.32,1
0.463,3.95,3.56,3.55,11.39,1
0.484,4.36,4.03,3.89,12.30,1
0.503,4.72,4.77,4.36,14.79,2
0.521,5.08,5.12,4.79,16.60,2
0.539,5.46,5.71,5.30,18.83,2
0.558,5.87,6.11,5.81,20.45,2
0.578,6.32,6.49,6.31,21.44,2
0.598,6.78,1.64,4.99,2.75,2
0.619,7.28,7.12,5.77,10.49,2
0.638,7.75,7.37,6.45,15.64,2
0.658,8.28,8.17,7.27,20.82,2
0.677,8.77,8.72,8.01,24.74,2
0.698,9.35,9.35,8.82,27.79,2
0.717,9.90,10.22,9.67,30.96,2
0.736,10.43,15.43,12.03,49.92,2
0.754,10.98,10.46,12.10,41.08,2
0.773,11.55,11.74,12.50,36.97,2
0.794,12.19,12.11,12.86,32.90,2
0.814,12.84,12.51,13.17,29.23,2
0.833,13.49,13.09,13.53,26.79,2
0.854,14.18,14.23,14.14,27.31,2
0.873,14.84,14.96,14.76,28.41,2
0.893,15.53,15.79,15.47,30.19,2
0.911,16.18,15.85,15.96,29.63,2
0.931,16.93,16.69,16.60,30.12,2
0.950,17.65,17.34,17.23,30.72,2
0.970,18.42,18.70,18.13,33.84,2
0.991,19.23,19.79,19.15,37.44,2
1.011,20.06,19.96,19.94,37.56,2
1.031,20.86,20.92,20.77,38.39,2
1.050,21.64,21.80,21.61,39.49,2
1.071,22.55,22.25,22.37,38.81,2
1.090,23.35,23.17,23.10,39.19,2
1.110,24.24,24.12,23.97,40.03,2
1.130,25.11,25.01,24.85,40.94,2
1.152,26.08,25.88,25.80,41.40,2
1.171,26.95,27.37,26.86,44.34,2
1.192,27.91,27.55,27.71,43.45,2
1.211,28.75,28.91,28.66,44.86,2
1.232,29.66,30.10,29.78,46.72,2
1.254,30.62,30.80,30.81,46.69,2
1.275,31.56,31.25,31.62,44.40,2
1.296,32.45,32.74,32.59,45.31,2
1.314,33.24,33.42,33.44,45.19,2
1.334,34.08,34.33,34.31,45.28,2
1.353,34.92,35.12,35.18,44.93,2
1.373,35.73,36.06,36.04,45.01,2
1.394,36.62,36.45,36.80,43.01,2
1.415,37.52,37.64,37.68,42.79,2
1.434,38.29,38.46,38.48,42.67,2
1.453,39.11,38.87,39.17,40.93,2
1.474,39.94,40.27,40.09,41.97,2
1.494,40.77,41.37,41.08,43.60,2
1.514,41.58,41.40,41.76,41.54,2
1.534,42.37,42.23,42.47,40.19,2
1.554,43.20,43.06,43.22,39.26,2
1.576,44.05,44.34,44.15,40.37,2
1.595,44.83,44.81,44.91,39.80,2
1.617,45.68,46.01,45.86,40.67,2
1.637,46.47,46.54,46.63,40.16,2
1.656,47.20,47.21,47.33,39.48,2
1.677,47.99,47.95,48.08,38.71,2
1.696,48.73,48.83,48.82,38.74,2
1.715,49.46,49.45,49.52,38.34,2
1.735,50.19,50.34,50.28,38.67,2
1.756,51.00,51.55,51.25,40.37,2
1.776,51.74,51.90,52.01,39.79,2
1.795,52.43,52.22,52.55,38.00,2
1.816,53.21,53.28,53.33,37.75,2
1.835,53.89,54.19,54.10,38.29,2
1.855,54.62,54.16,54.62,35.70,2
1.873,55.29,55.43,55.32,36.31,2
1.894,56.05,55.89,56.02,35.62,2
1.915,56.77,56.93,56.80,36.37,2
1.934,57.47,57.56,57.54,36.49,2
1.954,58.16,57.76,58.09,34.60,2
1.974,58.86,59.64,59.08,37.77,2
1.994,59.54,59.53,59.73,36.63,2
2.013,60.20,60.63,60.49,37.37,2
2.033,60.89,60.80,61.09,35.74,2
2.055,61.63,61.48,61.73,34.24,2
2.075,62.30,62.35,62.39,33.98,2
2.096,62.99,63.01,63.07,33.59,2
2.115,63.62,63.37,63.59,32.38,2
2.134,64.25,64.46,64.29,33.21,2
2.153,64.89,64.88,64.93,32.98,2
2.173,65.54,65.64,65.61,33.12,2
2.195,66.23,66.13,66.27,32.63,2
2.214,66.86,67.03,66.96,32.84,2
2.233,67.43,67.25,67.47,32.33,2
2.252,68.06,67.87,68.05,31.94,2
2.272,68.67,68.65,68.66,31.94,2
2.290,69.25,69.39,69.29,32.10,2
2.310,69.85,69.98,69.94,32.15,2
2.329,70.42,70.71,70.59,32.32,2
2.350,71.09,71.23,71.28,32.24,2
2.369,71.64,71.64,71.82,32.03,2
2.391,72.30,72.32,72.48,31.85,2
2.410,72.87,73.34,73.14,32.06,2
2.431,73.51,73.74,73.82,31.98,2
2.450,74.03,74.14,74.35,31.77,2
2.471,74.65,75.41,75.09,32.08,2
2.492,75.26,75.12,75.65,31.59,2
2.512,75.83,75.98,76.23,31.36,2
2.530,76.34,76.66,76.77,31.26,2
2.550,76.90,77.10,77.35,31.05,2
2.569,77.44,77.42,77.85,30.69,2
2.590,78.02,77.85,78.39,30.23,2
2.608,78.52,78.56,78.88,29.97,2
2.627,79.04,84.44,79.45,29.97,2
2.649,79.63,79.40,79.97,29.41,2
2.670,80.19,80.11,80.50,29.03,2
2.692,80.77,80.60,81.04,28.62,2
2.710,81.26,81.38,81.55,28.46,2
2.729,81.76,81.89,82.06,28.32,2
2.749,82.26,82.78,82.63,28.45,2
2.767,82.74,82.68,83.09,28.11,2
2.786,83.21,82.94,83.51,27.64,2
2.804,83.67,83.69,83.96,27.42,2
2.822,84.13,84.22,84.42,27.27,2
2.843,84.66,84.69,84.94,27.07,2
2.863,85.14,85.25,85.45,26.91,2
2.885,85.67,85.58,85.97,26.59,2
2.905,86.15,85.73,86.37,26.05,2
2.923,86.59,86.68,86.82,25.94,2
2.941,87.03,86.81,87.21,25.62,2
2.962,87.53,87.55,87.72,25.48,2
2.981,87.97,87.57,88.10,25.04,2
3.003,88.47,87.97,88.54,24.56,2
3.022,88.90,88.57,88.94,24.25,2
3.043,89.39,89.43,89.45,24.24,2
3.062,89.81,90.01,89.92,24.32,2
3.081,90.24,90.24,90.36,24.22,2
3.100,90.66,90.50,90.77,23.99,2
3.121,91.13,91.72,91.37,24.29,2
3.143,91.60,91.52,91.84,24.01,2
3.164,92.05,92.15,92.31,23.88,2
3.185,92.49,92.11,92.68,23.40,2
3.205,92.91,92.93,93.11,23.24,2
3.227,93.36,93.47,93.60,23.13,2
3.247,93.78,93.67,94.00,22.85,2
3.268,94.22,94.30,94.46,22.70,2
3.287,94.60,94.70,94.86,22.56,2
3.305,94.96,94.40,95.13,21.95,2
3.326,95.36,94.76,95.44,21.38,2
3.345,95.74,96.03,95.88,21.51,2
3.366,96.15,96.09,96.29,21.34,2
3.387,96.54,96.40,96.67,21.12,2
3.407,96.92,96.74,97.05,20.86,2
3.429,97.33,97.06,97.43,20.54,2
3.448,97.68,97.68,97.80,20.44,2
3.468,98.05,98.12,98.20,20.37,2
3.489,98.42,98.04,98.53,19.95,2
3.508,98.77,99.13,98.94,20.11,2
3.529,99.13,98.97,99.30,19.83,2
3.547,99.45,99.30,99.60,19.58,2
3.568,99.80,100.42,100.08,19.87,2
3.588,100.14,100.25,100.44,19.71,2
3.607,100.47,100.62,100.78,19.57,2
3.625,100.77,100.65,101.06,19.24,2
3.646,101.11,101.35,101.44,19.16,2
3.665,101.42,101.47,101.75,18.92,2
3.683,101.71,101.55,102.01,18.55,2
3.702,102.00,102.48,102.38,18.63,2
3.721,102.31,102.46,102.69,18.44,2
3.743,102.64,102.63,103.01,18.13,2
3.761,102.92,103.26,103.34,18.07,2
3.782,103.23,103.07,103.60,17.64,2
3.803,103.54,103.86,103.95,17.56,2
3.821,103.80,103.65,104.17,17.13,2
3.839,104.06,104.13,104.42,16.89,2
3.861,104.37,104.32,104.72,16.57,2
3.880,104.65,105.05,105.05,16.56,2
3.900,104.92,105.34,105.38,16.53,2
3.920,105.19,105.33,105.63,16.28,2
3.940,105.46,105.74,105.92,16.13,2
3.959,105.71,105.93,106.18,15.92,2
3.980,105.99,106.81,106.58,16.11,2
3.999,106.23,106.01,106.74,15.50,2
4.019,106.48,106.48,106.96,15.10,2
4.041,106.75,106.53,107.17,14.55,2
4.061,106.99,106.79,107.35,14.08,2
4.080,107.23,107.46,107.59,13.97,2
4.101,107.47,107.60,107.83,13.78,2
4.119,107.68,107.63,108.02,13.45,2
4.139,107.91,107.86,108.22,13.16,2
4.159,108.14,108.24,108.45,12.97,2
4.178,108.34,108.41,108.64,12.78,2
4.196,108.54,109.31,108.95,13.07,2
4.216,108.75,108.89,109.15,12.86,2
4.236,108.95,108.74,109.30,12.40,2
4.254,109.15,109.31,109.50,12.24,2
4.274,109.35,109.80,109.76,12.28,2
4.296,109.56,109.64,109.96,12.00,2
4.317,109.76,110.00,110.18,11.85,2
4.339,109.97,109.97,110.37,11.51,2
4.358,110.14,109.95,110.48,11.07,2
4.378,110.32,110.52,110.67,10.94,2
4.399,110.51,110.64,110.86,10.75,2
4.419,110.68,111.01,111.07,10.71,2
4.441,110.86,111.21,111.29,10.64,2
4.462,111.04,110.96,111.43,10.23,2
4.482,111.19,111.47,111.61,10.12,2
4.501,111.34,111.42,111.74,9.85,2
4.522,111.50,110.76,111.75,9.00,2
4.542,111.65,112.43,112.01,9.36,2
4.564,111.81,111.85,112.15,9.09,2
4.583,111.94,112.08,112.29,8.91,2
4.602,112.07,112.18,112.41,8.72,2
4.621,112.19,112.03,112.49,8.33,2
4.640,112.32,112.81,112.67,8.44,2
4.658,112.43,112.77,112.82,8.41,2
4.676,112.54,112.68,112.92,8.21,2
4.698,112.67,112.70,113.04,7.93,2
4.719,112.78,112.76,113.13,7.61,2
4.737,112.88,112.59,113.16,7.15,2
4.756,112.99,112.99,113.26,6.93,2
4.775,113.08,112.90,113.31,6.59,2
4.795,113.18,113.51,113.45,6.63,2
4.814,113.27,113.23,113.52,6.39,2
4.836,113.37,113.41,113.62,6.21,2
4.855,113.45,113.30,113.67,5.90,2
4.874,113.53,114.13,113.83,6.14,2
4.894,113.61,113.70,113.92,5.96,2
4.913,113.68,113.72,113.98,5.74,2
4.933,113.75,113.72,114.04,5.48,2
4.952,113.81,113.83,114.09,5.26,2
4.974,113.88,113.73,114.13,4.93,2
4.994,113.94,113.98,114.19,4.76,2
5.015,114.00,114.13,114.26,4.64,2
5.035,114.05,114.45,114.37,4.71,2
5.055,114.10,114.47,114.46,4.72,2
5.075,114.14,113.97,114.46,4.30,2
5.096,114.18,113.97,114.46,3.89,2
5.115,114.22,114.52,114.53,3.88,2
5.135,114.25,114.54,114.60,3.83,2
5.156,114.28,114.11,114.59,3.43,2
5.176,114.30,114.57,114.64,3.37,2
5.196,114.32,114.48,114.67,3.21,2
5.214,114.33,113.81,114.58,2.57,2
5.234,114.35,114.68,114.64,2.60,2
5.252,114.35,114.58,114.67,2.52,2
5.273,114.36,114.24,114.65,2.19,2
5.292,114.36,114.26,114.62,1.89,2
5.312,114.36,114.06,114.56,1.48,2
5.332,114.35,114.54,114.59,1.44,2
5.352,114.34,114.95,114.67,1.67,2
5.374,114.33,114.25,114.63,1.36,2
5.396,114.31,114.34,114.61,1.13,2
5.415,114.28,113.79,114.49,0.54,2
5.436,114.26,114.41,114.49,0.47,2
5.455,114.23,113.87,114.40,0.03,2
5.474,114.19,113.67,114.28,-0.48,2
5.496,114.15,114.23,114.26,-0.51,2
5.515,114.11,114.68,114.32,-0.21,2
5.533,114.07,114.18,114.30,-0.31,2
5.553,114.02,113.46,114.16,-0.90,2
5.575,113.96,114.08,114.13,-0.94,2
5.594,113.91,113.76,114.05,-1.19,3
5.612,113.86,113.65,113.97,-1.45,3
5.632,113.79,113.98,113.95,-1.43,3
5.651,113.73,114.18,113.96,-1.25,3
5.670,113.66,113.82,113.92,-1.33,3
5.689,113.59,113.96,113.90,-1.29,3
5.709,113.51,113.49,113.82,-1.56,3
5.731,113.42,113.60,113.75,-1.68,3
5.751,113.33,113.31,113.65,-1.97,3
5.770,113.25,113.32,113.57,-2.18,3
5.791,113.15,112.62,113.38,-2.81,3
5.810,113.06,112.95,113.26,-3.07,3
5.831,112.95,113.21,113.20,-3.06,3
5.851,112.84,112.80,113.08,-3.30,3
5.872,112.73,112.56,112.94,-3.62,3
5.890,112.63,112.35,112.79,-3.99,3
5.912,112.50,112.58,112.68,-4.08,3
5.933,112.37,112.20,112.53,-4.36,3
5.954,112.24,112.29,112.41,-4.47,3
5.975,112.11,112.46,112.34,-4.37,3
5.996,111.98,111.69,112.16,-4.78,3
6.015,111.85,112.13,112.08,-4.73,3
6.034,111.72,111.64,111.93,-4.98,3
6.054,111.58,111.47,111.77,-5.24,3
6.074,111.43,111.13,111.58,-5.62,3
6.092,111.30,111.49,111.47,-5.61,3
6.112,111.15,111.10,111.33,-5.80,3
6.132,110.99,111.13,111.19,-5.85,3
6.151,110.85,110.87,111.05,-6.00,3
6.172,110.68,110.81,110.90,-6.08,3
6.190,110.53,110.76,110.79,-6.10,3
6.210,110.37,110.22,110.59,-6.41,3
6.229,110.21,110.03,110.40,-6.72,3
6.251,110.02,110.10,110.23,-6.83,3
6.269,109.86,109.96,110.08,-6.93,3
6.288,109.70,109.36,109.86,-7.34,3
6.309,109.50,109.13,109.61,-7.74,3
6.328,109.33,109.17,109.42,-7.94,3
6.347,109.17,109.42,109.29,-7.84,3
6.367,109.00,108.81,109.08,-8.06,3
6.386,108.85,108.81,108.91,-8.14,3
6.406,108.70,108.62,108.73,-8.24,3
6.428,108.56,108.54,108.55,-8.24,3
6.446,108.43,108.49,108.41,-8.18,3
6.466,108.31,107.63,108.15,-8.61,3
6.488,108.18,108.63,108.07,-8.14,3
6.510,108.05,108.27,107.95,-7.86,3
6.529,107.94,108.02,107.84,-7.71,3
6.550,107.82,107.78,107.69,-7.63,3
6.572,107.72,108.05,107.61,-7.25,3
6.591,107.62,107.61,107.50,-7.15,3
6.611,107.52,107.20,107.33,-7.26,3
6.630,107.43,107.37,107.22,-7.14,3
6.652,107.32,106.76,107.02,-7.35,3
6.672,107.22,107.43,106.96,-6.96,3
6.690,107.13,107.29,106.91,-6.64,3
6.710,107.03,106.27,106.69,-6.99,3
6.729,106.94,106.62,106.56,-6.95,3
6.748,106.85,106.86,106.50,-6.65,3
6.769,106.76,107.40,106.53,-5.92,3
6.787,106.68,106.84,106.49,-5.64,3
6.808,106.58,107.03,106.48,-5.18,3
6.830,106.48,106.14,106.33,-5.34,3
6.852,106.39,106.47,106.26,-5.16,3
6.872,106.30,105.99,106.13,-5.27,3
6.890,106.21,106.55,106.12,-4.90,3
6.911,106.12,106.17,106.04,-4.79,3
6.930,106.04,106.27,106.00,-4.56,3
6.951,105.94,105.86,105.89,-4.59,3
6.971,105.85,105.90,105.82,-4.52,3
6.991,105.76,105.74,105.73,-4.51,3
7.009,105.68,105.59,105.64,-4.55,3
7.031,105.58,105.72,105.57,-4.42,3
7.053,105.49,105.18,105.42,-4.63,3
7.073,105.40,105.65,105.38,-4.40,3
7.092,105.31,105.29,105.30,-4.41,3
7.112,105.22,105.15,105.20,-4.45,3
7.130,105.14,105.46,105.17,-4.21,3
7.151,105.05,105.07,105.08,-4.22,3
7.169,104.97,105.26,105.05,-4.04,3
7.190,104.87,105.05,104.98,-3.98,3
7.211,104.78,104.31,104.80,-4.39,3
7.231,104.69,105.09,104.77,-4.12,3
7.250,104.61,104.72,104.70,-4.11,3
7.272,104.51,104.90,104.65,-3.90,3
7.293,104.41,103.88,104.46,-4.40,3
7.312,104.33,104.28,104.36,-4.47,3
7.332,104.24,104.26,104.27,-4.48,3
7.352,104.15,104.41,104.22,-4.32,3
7.371,104.07,103.95,104.11,-4.45,3
7.392,103.97,103.69,103.96,-4.68,3
7.412,103.88,104.26,103.93,-4.41,3
7.433,103.79,103.28,103.75,-4.80,3
7.453,103.70,103.95,103.70,-4.59,3
7.471,103.62,103.32,103.57,-4.79,3
7.491,103.53,104.30,103.60,-4.21,3
7.512,103.44,103.42,103.50,-4.28,3
7.531,103.35,102.98,103.35,-4.59,3
7.552,103.26,103.65,103.32,-4.31,3
7.573,103.17,103.25,103.23,-4.29,3
7.592,103.08,102.76,103.09,-4.57,3
7.611,103.00,103.41,103.07,-4.28,3
7.632,102.90,103.29,103.03,-4.06,3
7.651,102.82,102.63,102.90,-4.28,3
7.670,102.73,102.65,102.79,-4.40,3
7.691,102.64,102.79,102.71,-4.34,3
7.710,102.56,102.38,102.59,-4.52,3
7.730,102.46,102.57,102.51,-4.47,3
7.749,102.38,102.29,102.40,-4.56,3
7.768,102.29,102.13,102.29,-4.69,3
7.787,102.21,102.49,102.25,-4.49,3
7.805,102.13,102.68,102.25,-4.15,3
7.825,102.04,102.03,102.14,-4.24,3
7.844,101.96,101.97,102.05,-4.31,3
7.864,101.86,101.62,101.90,-4.54,3
7.883,101.78,101.88,101.83,-4.49,3
7.905,101.69,102.08,101.79,-4.26,3
7.925,101.60,101.82,101.72,-4.18,3
7.943,101.51,101.70,101.65,-4.14,3
7.962,101.43,101.33,101.54,-4.31,3
7.981,101.34,101.37,101.44,-4.37,3
8.000,101.26,101.02,101.31,-4.60,3
8.019,101.17,101.77,101.30,-4.22,3
8.039,101.09,100.93,101.18,-4.42,3
8.059,101.00,101.12,101.09,-4.39,3
8.078,100.91,101.01,101.01,-4.40,3
8.096,100.83,100.54,100.87,-4.66,3
8.116,100.74,100.80,100.78,-4.64,3
8.136,100.65,100.65,100.68,-4.67,3
8.154,100.57,100.94,100.65,-4.43,3
8.176,100.47,100.33,100.52,-4.59,3
8.195,100.39,100.33,100.41,-4.66,3
8.217,100.29,100.55,100.35,-4.49,3
8.238,100.20,99.75,100.18,-4.84,3
8.258,100.11,100.22,100.10,-4.74,3
8.277,100.02,99.83,99.98,-4.87,3
8.295,99.94,99.97,99.91,-4.82,3
8.316,99.85,100.03,99.84,-4.66,3
8.338,99.75,100.11,99.80,-4.40,3
8.356,99.67,99.47,99.68,-4.57,3
8.377,99.58,99.57,99.58,-4.58,3
8.398,99.48,99.53,99.49,-4.55,3
8.418,99.40,99.52,99.42,-4.46,3
8.437,99.31,99.26,99.32,-4.51,3
8.459,99.21,99.12,99.21,-4.59,3
8.479,99.12,99.27,99.14,-4.47,3
8.500,99.03,99.11,99.06,-4.43,3
8.521,98.94,99.11,98.99,-4.32,3
8.540,98.85,98.70,98.87,-4.46,3
8.561,98.76,98.95,98.81,-4.34,3
8.581,98.67,98.75,98.72,-4.32,3
8.599,98.59,99.08,98.72,-4.02,3
8.620,98.49,98.16,98.56,-4.35,3
8.640,98.40,97.96,98.39,-4.71,3
8.660,98.32,97.98,98.24,-4.93,3
8.680,98.23,98.30,98.17,-4.83,3
8.701,98.13,98.33,98.11,-4.64,3
8.720,98.05,97.51,97.93,-5.00,3
8.740,97.96,97.73,97.82,-5.07,3
8.760,97.87,97.59,97.69,-5.16,3
8.780,97.78,98.50,97.74,-4.52,3
8.800,97.69,97.71,97.66,-4.49,3
8.818,97.61,92.47,97.58,-4.49,3
8.837,97.52,97.45,97.49,-4.52,3
8.857,97.44,97.14,97.35,-4.72,3
8.877,97.35,97.71,97.34,-4.39,3
8.898,97.25,97.38,97.27,-4.28,3
8.920,97.15,97.06,97.16,-4.37,3
8.941,97.06,97.15,97.08,-4.30,3
8.961,96.97,96.76,96.95,-4.47,3
8.982,96.88,96.79,96.85,-4.53,3
9.000,96.79,96.71,96.76,-4.56,3
9.021,96.70,96.67,96.66,-4.56,3
9.043,96.60,96.97,96.63,-4.27,3
9.062,96.52,96.17,96.49,-4.54,3
9.084,96.42,96.56,96.41,-4.42,3
9.103,96.34,96.65,96.38,-4.19,3
9.123,96.25,96.46,96.32,-4.08,3
9.145,96.15,96.06,96.21,-4.20,3
9.166,96.05,96.31,96.15,-4.06,3
9.188,95.96,95.56,95.98,-4.43,3
9.209,95.87,95.84,95.88,-4.46,3
9.228,95.78,96.04,95.83,-4.28,3
9.248,95.69,95.89,95.77,-4.18,3
9.268,95.60,95.67,95.68,-4.19,3
9.286,95.52,95.58,95.60,-4.21,3
9.306,95.43,95.34,95.49,-4.34,3
9.327,95.34,95.53,95.42,-4.25,3
9.346,95.25,94.65,95.23,-4.73,3
9.365,95.17,94.90,95.10,-4.90,3
9.384,95.08,95.00,95.00,-4.91,3
9.405,94.99,94.55,94.85,-5.15,3
9.424,94.91,94.89,94.77,-5.05,3
9.442,94.82,94.77,94.69,-4.99,3
9.463,94.73,94.76,94.62,-4.87,3
9.485,94.63,95.05,94.60,-4.49,3
9.505,94.54,94.42,94.49,-4.55,3
9.526,94.45,94.52,94.42,-4.47,3
9.547,94.36,94.61,94.37,-4.27,3
9.566,94.27,94.45,94.31,-4.16,3
9.586,94.18,94.47,94.27,-3.99,3
9.606,94.09,94.29,94.21,-3.91,3
9.625,94.01,93.72,94.07,-4.20,3
9.643,93.93,93.85,93.96,-4.29,3
9.664,93.83,93.95,93.89,-4.25,3
9.685,93.74,93.98,93.83,-4.12,3
9.704,93.66,93.67,93.74,-4.17,3
9.723,93.57,93.60,93.65,-4.21,3
9.743,93.48,93.47,93.55,-4.28,3
9.765,93.38,93.50,93.46,-4.25,3
9.784,93.30,93.04,93.33,-4.49,3
9.804,93.21,93.25,93.24,-4.48,3
9.824,93.12,93.53,93.21,-4.22,3
9.842,93.04,93.50,93.19,-3.96,3
9.861,92.95,92.65,93.04,-4.29,3
9.880,92.87,92.82,92.94,-4.39,3
9.900,92.78,92.87,92.85,-4.38,3
9.920,92.69,92.45,92.72,-4.60,3
9.942,92.60,92.55,92.60,-4.64,3
9.962,92.50,92.75,92.55,-4.48,3
9.984,92.41,92.70,92.49,-4.30,3
10.003,92.32,91.99,92.34,-4.59,3
10.024,92.23,92.15,92.23,-4.66,3
10.045,92.13,91.81,92.08,-4.89,3
10.065,92.04,92.06,91.99,-4.83,3
10.086,91.95,91.71,91.86,-4.96,3
10.106,91.86,91.80,91.77,-4.93,3
10.124,91.78,91.89,91.71,-4.78,3
10.143,91.70,91.14,91.55,-5.12,3
10.163,91.61,91.78,91.49,-4.88,3
10.182,91.52,92.04,91.51,-4.44,3
10.202,91.44,91.27,91.39,-4.54,3
10.224,91.34,91.12,91.27,-4.66,3
10.244,91.24,90.90,91.13,-4.85,3
10.265,91.15,90.85,90.99,-4.98,3
10.286,91.06,91.56,91.00,-4.50,3
10.307,90.97,91.05,90.93,-4.39,3
10.326,90.88,91.40,90.94,-4.00,3
10.344,90.80,90.57,90.81,-4.20,3
10.363,90.71,90.56,90.71,-4.32,3
10.384,90.62,90.18,90.55,-4.63,3
10.405,90.53,95.52,90.45,-4.63,3
10.427,90.43,90.74,90.42,-4.30,3
10.446,90.34,90.55,90.38,-4.14,3
10.466,90.26,90.10,90.26,-4.29,3
10.486,90.17,90.05,90.15,-4.38,3
10.507,90.07,89.93,90.03,-4.48,3
10.527,89.98,89.91,89.94,-4.50,3
10.546,89.90,90.14,89.90,-4.29,3
10.565,89.81,89.84,89.83,-4.28,3
10.586,89.72,89.49,89.70,-4.45,3
10.607,89.63,90.14,89.69,-4.07,3
10.626,89.54,89.43,89.58,-4.20,3
10.646,89.45,89.80,89.55,-3.99,3
10.666,89.36,89.57,89.48,-3.91,3
10.685,89.28,89.64,89.45,-3.75,3
10.704,89.19,89.76,89.43,-3.48,3
10.725,89.10,88.77,89.27,-3.90,3
10.746,89.01,89.26,89.20,-3.85,3
10.765,88.92,88.63,89.05,-4.19,3
10.786,88.83,88.78,88.93,-4.31,3
10.805,88.74,88.96,88.86,-4.23,3
10.827,88.65,88.50,88.73,-4.43,3
10.845,88.56,88.77,88.67,-4.34,3
10.864,88.48,88.25,88.53,-4.57,3
10.886,88.38,88.43,88.43,-4.57,3
10.907,88.29,87.97,88.27,-4.83,3
10.926,88.20,88.42,88.22,-4.66,3
10.947,88.11,87.75,88.06,-4.93,3
10.967,88.02,87.85,87.95,-5.01,3
10.985,87.94,87.94,87.87,-4.95,3
11.007,87.84,87.72,87.75,-4.98,3
11.026,87.76,87.62,87.65,-5.01,3
11.048,87.66,88.17,87.65,-4.56,3
11.068,87.57,87.67,87.57,-4.49,3
11.087,87.48,87.36,87.46,-4.58,3
11.108,87.39,87.57,87.40,-4.43,3
11.130,87.30,86.97,87.25,-4.67,3
11.151,87.20,87.34,87.18,-4.54,3
11.172,87.10,86.89,87.05,-4.69,3
11.194,87.01,87.33,87.01,-4.41,3
11.213,86.93,86.84,86.92,-4.47,3
11.231,86.84,87.11,86.88,-4.27,3
11.252,86.75,86.46,86.73,-4.51,3
11.273,86.66,86.88,86.68,-4.34,3
11.291,86.57,86.44,86.58,-4.45,3
11.313,86.48,86.21,86.43,-4.64,3
11.335,86.38,85.96,86.27,-4.91,3
11.356,86.29,86.28,86.19,-4.83,3
11.377,86.19,86.42,86.14,-4.59,3
11.399,86.09,86.66,86.15,-4.14,3
11.421,86.00,86.04,86.05,-4.15,3
11.441,85.91,85.51,85.89,-4.48,3
11.462,85.81,85.80,85.80,-4.48,3
11.482,85.72,85.26,85.63,-4.81,3
11.502,85.63,85.68,85.56,-4.70,3
11.524,85.54,85.57,85.48,-4.62,3
11.545,85.44,85.02,85.32,-4.89,3
11.565,85.35,85.70,85.30,-4.53,3
11.584,85.27,85.22,85.21,-4.53,3
11.604,85.18,85.20,85.14,-4.47,3
11.625,85.08,85.28,85.08,-4.30,3
11.646,84.99,85.49,85.07,-3.94,3
11.667,84.90,84.65,84.93,-4.19,3
11.685,84.82,84.98,84.88,-4.11,3
11.707,84.72,84.77,84.79,-4.12,3
11.726,84.64,84.55,84.68,-4.23,3
11.744,84.55,84.42,84.57,-4.35,3
11.766,84.46,84.34,84.45,-4.45,3
11.786,84.37,84.48,84.38,-4.37,3
11.808,84.27,83.77,84.20,-4.75,3
11.828,84.18,83.94,84.08,-4.87,3
11.850,84.08,84.06,83.99,-4.80,3
11.868,84.00,83.85,83.89,-4.84,3
11.886,83.92,83.65,83.78,-4.94,3
11.908,83.82,83.29,83.61,-5.21,3
11.928,83.73,83.70,83.53,-5.07,3
11.948,83.64,83.81,83.49,-4.80,3
11.967,83.56,83.59,83.44,-4.68,3
11.985,83.48,83.51,83.37,-4.56,3
12.004,83.40,83.58,83.33,-4.36,3
12.024,83.30,83.44,83.28,-4.23,3
12.043,83.22,83.12,83.18,-4.28,3
12.062,83.14,83.14,83.11,-4.25,3
12.081,83.05,83.14,83.05,-4.18,3
12.102,82.96,83.26,83.00,-3.96,3
12.123,82.86,82.77,82.90,-4.07,3
12.142,82.78,82.12,82.71,-4.56,3
12.161,82.70,82.42,82.59,-4.70,3
12.180,82.61,82.76,82.54,-4.52,3
12.200,82.52,82.45,82.45,-4.52,3
12.218,82.44,82.08,82.32,-4.72,3
12.237,82.36,82.76,82.31,-4.36,3
12.258,82.26,82.40,82.25,-4.23,3
12.277,82.18,82.37,82.20,-4.09,3
12.296,82.09,82.17,82.13,-4.06,3
12.315,82.01,82.13,82.06,-4.00,3
12.337,81.91,81.81,81.95,-4.12,3
12.357,81.82,81.76,81.85,-4.20,3
12.377,81.73,81.61,81.74,-4.31,3
12.398,81.64,81.42,81.61,-4.47,3
12.417,81.56,81.54,81.53,-4.47,3
12.435,81.47,81.94,81.52,-4.12,3
12.453,81.39,81.30,81.43,-4.22,3
12.475,81.30,81.34,81.34,-4.22,3
12.494,81.21,81.69,81.33,-3.92,3
12.513,81.12,81.38,81.27,-3.83,3
12.535,81.03,80.93,81.15,-4.01,3
12.555,80.94,80.98,81.05,-4.08,3
12.575,80.85,80.89,80.96,-4.13,3
12.597,80.75,80.91,80.87,-4.11,3
12.616,80.67,80.49,80.74,-4.32,3
12.634,80.59,80.77,80.68,-4.25,3
12.654,80.50,80.18,80.53,-4.54,3
12.673,80.41,79.96,80.37,-4.88,3
12.692,80.33,80.19,80.27,-4.95,3
12.710,80.25,80.31,80.19,-4.85,3
12.730,80.16,80.08,80.09,-4.86,3
12.751,80.07,80.46,80.07,-4.54,3
12.770,79.98,80.53,80.07,-4.16,3
12.789,79.90,79.78,79.96,-4.31,3
12.807,79.82,79.95,79.89,-4.26,3
12.825,79.73,79.71,79.80,-4.33,3
12.846,79.64,79.64,79.70,-4.37,3
12.865,79.56,79.80,79.64,-4.25,3
12.885,79.47,78.86,79.45,-4.72,3
12.907,79.37,79.29,79.33,-4.76,3
12.925,79.29,79.48,79.29,-4.59,3
12.943,79.21,79.24,79.21,-4.57,3
12.965,79.11,79.14,79.11,-4.54,3
12.986,79.02,78.96,79.01,-4.58,3
13.004,78.93,78.84,78.91,-4.64,3
13.026,78.84,79.29,78.89,-4.30,3
13.048,78.74,78.80,78.79,-4.30,3
13.066,78.66,78.73,78.72,-4.29,3
13.086,78.57,78.39,78.59,-4.46,3
13.105,78.48,78.30,78.47,-4.61,3
13.124,78.40,78.32,78.37,-4.65,3
13.145,78.31,78.26,78.27,-4.66,3
13.166,78.22,78.31,78.20,-4.57,3
13.184,78.13,78.06,78.10,-4.61,3
13.205,78.04,78.34,78.06,-4.37,3
13.223,77.96,78.23,78.02,-4.20,3
13.241,77.88,77.39,77.86,-4.58,3
13.263,77.78,77.63,77.74,-4.67,3
13.283,77.69,77.70,77.65,-4.63,3
13.304,77.60,77.77,77.59,-4.47,3
13.325,77.50,77.77,77.54,-4.28,3
13.347,77.41,77.47,77.45,-4.26,3
13.368,77.31,77.08,77.31,-4.47,3
13.387,77.23,77.45,77.27,-4.32,3
13.408,77.14,77.05,77.16,-4.41,3
13.429,77.04,77.22,77.09,-4.30,3
13.447,76.96,76.93,77.00,-4.36,3
13.466,76.88,77.14,76.95,-4.20,3
13.488,76.78,76.82,76.85,-4.22,3
13.508,76.69,76.98,76.80,-4.07,3
13.528,76.60,76.45,76.67,-4.26,3
13.547,76.51,76.36,76.56,-4.43,3
13.566,76.43,76.38,76.46,-4.49,3
13.585,76.34,75.95,76.30,-4.79,3
13.607,76.25,76.21,76.20,-4.78,3
13.628,76.15,76.41,76.16,-4.56,3
13.647,76.07,75.84,76.03,-4.72,3
13.665,75.99,75.40,75.86,-5.10,3
13.686,75.89,76.06,75.80,-4.88,3
13.706,75.81,75.72,75.71,-4.87,3
13.725,75.72,76.11,75.69,-4.53,3
13.744,75.64,75.59,75.60,-4.54,3
13.766,75.54,75.70,75.53,-4.39,3
13.787,75.44,74.68,75.32,-4.94,3
13.808,75.35,70.41,75.21,-4.94,3
13.828,75.26,75.25,75.14,-4.83,3
13.848,75.17,75.55,75.14,-4.43,3
13.867,75.09,75.35,75.10,-4.21,3
13.887,75.00,74.75,74.97,-4.41,3
13.908,74.90,74.68,74.85,-4.56,3
13.928,74.82,74.86,74.78,-4.49,3
13.947,74.73,74.87,74.72,-4.36,3
13.966,74.65,74.42,74.60,-4.50,3
13.985,74.56,74.32,74.48,-4.64,3
14.007,74.46,74.21,74.35,-4.75,3
14.027,74.38,74.50,74.30,-4.59,3
14.047,74.28,74.24,74.21,-4.56,3
14.066,74.20,74.05,74.11,-4.61,3
14.087,74.11,74.14,74.04,-4.53,3
14.109,74.01,73.90,73.93,-4.55,3
14.130,73.92,73.89,73.84,-4.52,3
14.151,73.82,73.19,73.66,-4.92,3
14.171,73.73,73.85,73.60,-4.70,3
14.191,73.64,73.54,73.52,-4.68,3
14.213,73.55,73.23,73.38,-4.82,3
14.232,73.46,73.22,73.28,-4.87,3
14.252,73.37,73.77,73.28,-4.44,3
14.272,73.28,72.93,73.14,-4.63,3
14.293,73.19,73.64,73.14,-4.20,3
14.313,73.10,73.01,73.05,-4.23,3
14.334,73.01,73.05,72.98,-4.17,3
14.352,72.92,73.03,72.92,-4.08,3
14.373,72.83,72.81,72.83,-4.10,3
14.393,72.74,72.61,72.73,-4.21,3
14.414,72.65,72.54,72.62,-4.28,3
14.436,72.55,72.75,72.57,-4.12,3
14.455,72.47,72.72,72.53,-3.95,3
14.477,72.37,72.55,72.46,-3.87,3
14.497,72.28,72.06,72.33,-4.10,3
14.517,72.19,72.30,72.26,-4.07,3
14.537,72.10,72.01,72.14,-4.18,3
14.559,72.00,71.94,72.03,-4.26,3
14.581,71.91,72.04,71.96,-4.19,3
14.602,71.81,71.58,71.82,-4.40,3
14.624,71.72,71.94,71.76,-4.24,3
14.645,71.62,71.67,71.67,-4.24,3
14.665,71.53,71.68,71.60,-4.16,3
14.687,71.43,71.42,71.50,-4.23,3
14.707,71.34,71.22,71.38,-4.37,3
14.726,71.26,70.97,71.24,-4.61,3
14.745,71.17,70.93,71.12,-4.77,3
14.767,71.08,70.89,71.00,-4.86,3
14.789,70.98,71.40,70.98,-4.49,3
14.810,70.89,70.63,70.84,-4.68,3
14.828,70.80,71.33,70.85,-4.26,3
14.849,70.71,70.23,70.67,-4.64,3
14.870,70.62,70.73,70.60,-4.54,3
14.888,70.54,70.50,70.52,-4.55,3
14.906,70.46,70.23,70.40,-4.69,3
14.925,70.37,70.58,70.36,-4.51,3
14.945,70.28,70.10,70.24,-4.63,3
14.967,70.19,69.91,70.11,-4.79,3
14.988,70.09,70.02,70.00,-4.78,3
15.010,69.99,69.96,69.91,-4.73,3
15.031,69.90,69.86,69.82,-4.70,3
15.049,69.82,70.27,69.82,-4.31,3
15.068,69.73,69.85,69.76,-4.24,3
15.088,69.65,69.68,69.68,-4.24,3
15.109,69.55,69.52,69.58,-4.29,3
15.127,69.47,69.54,69.50,-4.26,3
15.148,69.38,68.96,69.34,-4.58,3
15.166,69.30,69.10,69.23,-4.68,3
15.185,69.21,68.88,69.10,-4.87,3
15.204,69.13,69.43,69.08,-4.58,3
15.225,69.04,68.80,68.95,-4.71,3
15.246,68.94,69.03,68.88,-4.59,3
15.265,68.86,68.72,68.78,-4.64,3
15.284,68.77,69.00,68.74,-4.43,3
15.304,68.68,68.73,68.67,-4.37,3
15.323,68.60,68.01,68.49,-4.77,3
15.343,68.51,68.34,68.39,-4.81,3
15.361,68.43,68.72,68.37,-4.52,3
15.381,68.34,68.01,68.23,-4.70,3
15.400,68.26,67.99,68.12,-4.81,3
15.420,68.16,67.97,68.01,-4.85,3
15.442,68.07,68.28,67.97,-4.59,3
15.461,67.99,68.19,67.93,-4.38,3
15.481,67.89,67.90,67.85,-4.33,3
15.502,67.80,67.83,67.77,-4.28,3
15.522,67.71,67.77,67.70,-4.23,3
15.543,67.62,67.28,67.56,-4.46,3
15.562,67.53,67.61,67.50,-4.36,3
15.583,67.44,67.72,67.45,-4.14,3
15.602,67.36,67.64,67.42,-3.96,3
15.622,67.27,67.03,67.29,-4.18,3
15.643,67.17,67.21,67.20,-4.17,3
15.663,67.08,67.53,67.19,-3.87,3
15.682,67.00,66.72,67.05,-4.15,3
15.701,66.91,67.16,67.00,-4.02,3
15.719,66.83,67.15,66.96,-3.87,3
15.738,66.75,66.92,66.90,-3.86,3
15.756,66.67,66.47,66.77,-4.10,3
15.774,66.59,66.32,66.64,-4.35,3
15.793,66.50,67.19,66.66,-3.93,3
15.813,66.41,66.31,66.53,-4.12,3
15.835,66.32,66.38,66.43,-4.16,3
15.855,66.23,66.17,66.32,-4.28,3
15.874,66.14,66.01,66.20,-4.44,3
15.893,66.06,66.31,66.15,-4.31,3
15.915,65.96,66.00,66.05,-4.35,3
15.936,65.87,65.92,65.95,-4.37,3
15.955,65.78,65.82,65.86,-4.41,3
15.974,65.70,65.54,65.74,-4.57,3
15.995,65.60,65.70,65.65,-4.53,3
16.015,65.51,65.94,65.62,-4.27,3
16.036,65.42,65.19,65.48,-4.50,3
16.055,65.34,65.45,65.40,-4.46,3
16.075,65.25,65.28,65.31,-4.49,3
16.095,65.16,65.48,65.26,-4.30,3
16.113,65.08,64.90,65.14,-4.50,3
16.135,64.98,64.57,64.96,-4.83,3
16.154,64.90,65.29,64.94,-4.53,3
16.172,64.81,64.52,64.80,-4.76,3
16.191,64.73,65.31,64.81,-4.35,3
16.210,64.65,64.55,64.70,-4.47,3
16.228,64.57,64.25,64.56,-4.72,3
16.249,64.47,64.44,64.46,-4.73,3
16.270,64.38,64.73,64.42,-4.47,3
16.290,64.29,64.39,64.34,-4.43,3
16.310,64.20,64.30,64.26,-4.39,3
16.331,64.11,64.02,64.14,-4.49,3
16.350,64.02,64.32,64.10,-4.30,3
16.368,63.94,64.30,64.06,-4.11,3
16.390,63.84,64.06,63.99,-4.05,3
16.409,63.76,64.01,63.93,-3.98,3
16.430,63.66,63.67,63.81,-4.10,3
16.450,63.58,63.41,63.68,-4.33,3
16.468,63.50,63.62,63.61,-4.32,3
16.490,63.40,63.15,63.45,-4.58,3
16.509,63.31,63.11,63.33,-4.76,3
16.530,63.22,63.59,63.28,-4.49,3
16.549,63.13,63.10,63.18,-4.56,3
16.570,63.04,63.24,63.11,-4.45,3
16.592,62.94,63.11,63.03,-4.38,3
16.613,62.85,62.38,62.84,-4.79,3
16.633,62.76,62.33,62.68,-5.09,3
16.652,62.68,62.85,62.63,-4.90,3
16.672,62.58,62.86,62.58,-4.66,3
16.694,62.49,62.01,62.40,-5.00,3
16.714,62.40,62.72,62.37,-4.69,3
16.734,62.31,62.02,62.23,-4.87,3
16.754,62.22,62.40,62.18,-4.68,3
16.775,62.13,61.66,62.01,-4.98,3
16.794,62.04,62.15,61.96,-4.82,3
16.812,61.96,61.62,61.83,-5.00,3
16.831,61.88,61.69,61.73,-5.03,3
16.853,61.78,61.50,61.60,-5.11,3
16.872,61.70,61.82,61.55,-4.89,3
16.893,61.60,60.99,61.37,-5.21,3
16.915,61.51,61.79,61.35,-4.84,3
16.936,61.41,61.08,61.22,-4.95,3
16.956,61.32,61.11,61.12,-4.96,3
16.976,61.23,60.91,61.00,-5.04,3
16.996,61.14,61.44,60.99,-4.66,3
17.016,61.05,60.58,60.84,-4.88,3
17.036,60.97,61.44,60.86,-4.39,3
17.056,60.88,60.94,60.80,-4.27,3
17.077,60.78,60.84,60.73,-4.17,3
17.096,60.70,60.93,60.70,-3.98,3
17.116,60.61,65.87,60.62,-3.98,3
17.137,60.52,60.63,60.55,-3.90,3
17.158,60.42,59.88,60.37,-4.36,3
17.179,60.33,60.44,60.30,-4.23,3
17.199,60.24,60.14,60.20,-4.28,3
17.217,60.16,60.28,60.15,-4.17,3
17.239,60.06,60.06,60.06,-4.17,3
17.261,59.96,59.67,59.92,-4.39,3
17.279,59.88,60.08,59.88,-4.22,3
17.300,59.79,60.07,59.84,-4.02,3
17.320,59.70,59.50,59.71,-4.20,3
17.342,59.60,59.54,59.61,-4.26,3
17.362,59.51,59.63,59.54,-4.18,3
17.381,59.43,59.36,59.44,-4.25,3
17.400,59.34,59.77,59.43,-3.96,3
17.421,59.25,59.26,59.33,-4.02,3
17.441,59.16,59.05,59.22,-4.16,3
17.463,59.06,59.14,59.13,-4.16,3
17.483,58.97,58.75,58.99,-4.37,3
17.502,58.89,58.85,58.90,-4.42,3
17.521,58.80,58.98,58.84,-4.30,3
17.542,58.71,58.70,58.74,-4.34,3
17.564,58.61,58.76,58.66,-4.25,3
17.584,58.52,58.66,58.59,-4.19,3
17.605,58.43,58.14,58.45,-4.46,3
17.623,58.35,58.18,58.34,-4.59,3
17.641,58.27,58.32,58.26,-4.54,3
17.662,58.17,58.24,58.18,-4.49,3
17.683,58.08,58.21,58.11,-4.40,3
17.704,57.99,58.37,58.07,-4.14,3
17.724,57.90,58.10,58.01,-4.06,3
17.745,57.81,57.59,57.87,-4.30,3
17.766,57.71,57.80,57.78,-4.28,3
17.787,57.62,57.50,57.66,-4.42,3
17.808,57.52,57.77,57.60,-4.27,3
17.829,57.43,57.84,57.56,-4.03,3
17.850,57.34,57.53,57.49,-3.99,3
17.869,57.26,57.18,57.37,-4.16,3
17.889,57.16,57.22,57.27,-4.20,3
17.908,57.08,56.49,57.08,-4.71,3
17.927,56.99,57.20,57.02,-4.56,3
17.947,56.91,57.00,56.94,-4.51,3
17.966,56.82,56.66,56.83,-4.65,3
17.986,56.73,56.96,56.77,-4.49,3
18.006,56.64,57.15,56.76,-4.16,3
18.024,56.56,56.98,56.73,-3.96,3
18.043,56.48,55.97,56.55,-4.42,3
18.063,56.39,56.37,56.45,-4.49,3
18.082,56.30,56.16,56.33,-4.62,3
18.101,56.22,56.62,56.30,-4.37,3
18.121,56.13,55.63,56.13,-4.77,3
18.139,56.05,55.83,56.01,-4.91,3
18.159,55.96,55.70,55.88,-5.06,3
18.181,55.86,55.86,55.78,-4.99,3
18.202,55.77,55.80,55.70,-4.91,3
18.222,55.68,55.59,55.60,-4.92,3
18.242,55.59,56.11,55.60,-4.49,3
18.264,55.50,55.16,55.44,-4.73,3
18.282,55.42,55.26,55.34,-4.80,3
18.301,55.33,55.19,55.24,-4.84,3
18.320,55.24,55.22,55.16,-4.80,3
18.342,55.15,55.19,55.08,-4.70,3
18.363,55.06,54.76,54.94,-4.86,3
18.382,54.97,54.70,54.82,-4.96,3
18.401,54.89,55.03,54.78,-4.76,3
18.421,54.79,54.81,54.70,-4.67,3
18.441,54.71,54.88,54.65,-4.47,3
18.461,54.62,55.14,54.65,-4.06,3
18.480,54.53,54.72,54.60,-3.96,3
18.498,54.45,54.16,54.47,-4.22,3
18.517,54.37,54.56,54.42,-4.10,3
18.537,54.28,54.02,54.29,-4.31,3
18.557,54.19,54.23,54.20,-4.29,3
18.579,54.09,53.88,54.07,-4.45,3
18.597,54.01,53.68,53.94,-4.67,3
18.616,53.93,53.84,53.85,-4.68,3
18.637,53.83,53.91,53.78,-4.58,3
18.656,53.75,53.97,53.74,-4.39,3
18.676,53.66,53.69,53.66,-4.36,3
18.694,53.58,53.66,53.59,-4.31,3
18.713,53.49,53.73,53.54,-4.16,3
18.733,53.41,53.54,53.48,-4.11,3
18.754,53.31,53.26,53.37,-4.20,3
18.772,53.23,52.81,53.21,-4.53,3
18.791,53.15,53.31,53.16,-4.41,3
18.809,53.07,52.70,53.02,-4.66,3
18.828,52.98,52.71,52.90,-4.81,3
18.847,52.90,52.34,52.74,-5.13,3
18.869,52.80,52.75,52.64,-5.05,3
18.890,52.70,52.80,52.57,-4.86,3
18.909,52.62,52.42,52.47,-4.91,3
18.927,52.54,52.98,52.48,-4.50,3
18.946,52.46,52.90,52.47,-4.16,3
18.967,52.36,52.18,52.35,-4.29,3
18.986,52.28,52.12,52.25,-4.40,3
19.007,52.19,52.34,52.18,-4.27,3
19.027,52.10,52.41,52.15,-4.06,3
19.048,52.00,52.07,52.06,-4.06,3
19.068,51.91,51.47,51.90,-4.42,3
19.088,51.83,51.99,51.84,-4.30,3
19.107,51.74,51.62,51.74,-4.39,3
19.126,51.66,51.86,51.69,-4.25,3
19.146,51.57,51.64,51.61,-4.22,3
19.166,51.48,51.85,51.57,-4.00,3
19.187,51.38,50.87,51.39,-4.43,3
19.208,51.29,51.06,51.26,-4.60,3
19.227,51.21,51.18,51.17,-4.60,3
19.248,51.11,51.34,51.12,-4.42,3
19.269,51.02,50.82,50.99,-4.56,3
19.290,50.93,50.93,50.90,-4.54,3
19.311,50.83,50.56,50.76,-4.72,3
19.332,50.74,50.25,50.60,-5.02,3
19.351,50.65,50.63,50.52,-4.93,3
19.372,50.56,51.01,50.52,-4.51,3
19.392,50.47,50.48,50.44,-4.47,3
19.414,50.37,50.81,50.41,-4.13,3
19.432,50.29,50.52,50.37,-4.00,3
19.451,50.21,50.41,50.31,-3.92,3
19.472,50.12,49.93,50.18,-4.14,3
19.492,50.03,49.93,50.07,-4.26,3
19.513,49.93,50.12,50.00,-4.16,3
19.534,49.84,49.69,49.88,-4.32,3
19.555,49.75,49.89,49.81,-4.25,3
19.576,49.65,54.57,49.72,-4.25,3
19.596,49.56,49.63,49.63,-4.25,3
19.615,49.48,49.56,49.55,-4.24,3
19.633,49.40,48.97,49.39,-4.62,3
19.655,49.30,49.24,49.28,-4.65,3
19.677,49.20,48.75,49.11,-4.97,3
19.696,49.12,49.02,49.01,-4.96,3
19.717,49.02,49.37,48.99,-4.63,3
19.737,48.94,48.78,48.88,-4.72,3
19.756,48.85,48.85,48.80,-4.67,3
19.777,48.76,48.99,48.75,-4.47,3
19.798,48.66,49.00,48.71,-4.22,3
19.817,48.58,48.65,48.63,-4.21,3
19.835,48.50,48.64,48.57,-4.15,3
19.855,48.41,48.26,48.46,-4.31,3
19.876,48.32,48.14,48.33,-4.47,3
19.897,48.22,48.31,48.25,-4.41,3
19.918,48.13,48.57,48.22,-4.12,3
19.940,48.03,47.89,48.09,-4.30,3
19.960,47.94,47.64,47.95,-4.56,3
19.978,47.86,47.79,47.85,-4.61,3
19.998,47.77,47.89,47.78,-4.52,3
20.019,47.68,47.95,47.73,-4.33,3
20.040,47.58,47.83,47.67,-4.19,3
20.058,47.50,47.16,47.53,-4.49,3
20.076,47.42,47.32,47.42,-4.58,3
20.097,47.33,47.03,47.28,-4.79,3
20.116,47.25,47.49,47.24,-4.58,3
20.137,47.15,47.00,47.12,-4.68,3
20.156,47.07,46.77,46.99,-4.86,3
20.175,46.98,46.68,46.86,-5.01,3
20.193,46.90,47.07,46.82,-4.81,3
20.215,46.81,46.97,46.76,-4.63,3
20.233,46.72,46.63,46.67,-4.66,3
20.255,46.63,46.09,46.49,-5.00,3
20.275,46.54,41.39,46.39,-5.00,3
20.295,46.45,46.25,46.28,-5.03,3
20.317,46.35,45.87,46.12,-5.26,3
20.337,46.26,46.59,46.11,-4.82,3
20.356,46.18,46.05,46.02,-4.79,3
20.378,46.08,40.33,45.92,-4.79,3
20.396,46.00,46.18,45.90,-4.51,3
20.415,45.92,45.63,45.78,-4.65,3
20.434,45.83,46.37,45.82,-4.15,3
20.452,45.75,46.07,45.80,-3.92,3
20.470,45.67,45.63,45.71,-3.98,3
20.488,45.59,45.65,45.64,-3.98,3
20.510,45.49,45.51,45.55,-4.01,3
20.529,45.41,45.35,45.45,-4.09,3
20.551,45.31,45.61,45.40,-3.92,3
20.571,45.22,45.27,45.31,-3.95,3
20.592,45.13,45.38,45.25,-3.85,3
20.612,45.04,44.78,45.11,-4.13,3
20.631,44.95,45.53,45.11,-3.79,3
20.652,44.86,44.63,44.97,-4.07,3
20.673,44.77,44.93,44.89,-4.04,3
20.692,44.68,44.49,44.76,-4.28,3
20.713,44.59,44.50,44.65,-4.40,3
20.734,44.49,44.48,44.54,-4.45,3
20.754,44.41,44.16,44.40,-4.66,3
20.772,44.33,44.23,44.31,-4.73,3
20.794,44.23,44.38,44.23,-4.60,3
20.814,44.14,43.57,44.05,-5.00,3
20.835,44.04,44.33,44.00,-4.72,3
20.855,43.96,44.22,43.96,-4.50,3
20.874,43.87,43.60,43.83,-4.70,3
20.894,43.78,43.29,43.67,-5.01,3
20.916,43.68,43.59,43.56,-4.99,3
20.937,43.59,43.86,43.52,-4.69,3
20.957,43.50,43.41,43.43,-4.71,3
20.976,43.42,43.47,43.36,-4.61,3
20.995,43.33,43.07,43.24,-4.75,3
21.015,43.24,43.02,43.12,-4.84,3
21.036,43.15,43.20,43.05,-4.71,3
21.056,43.06,43.04,42.97,-4.65,3
21.078,42.97,42.90,42.88,-4.63,3
21.098,42.88,42.89,42.80,-4.56,3
21.117,42.79,42.82,42.73,-4.48,3
21.139,42.69,42.51,42.61,-4.57,3
21.159,42.60,42.69,42.55,-4.44,3
21.180,42.51,42.94,42.53,-4.09,3
21.202,42.41,42.62,42.47,-3.96,3
21.222,42.32,42.47,42.41,-3.91,3
21.240,42.24,42.70,42.39,-3.65,3
21.260,42.15,41.92,42.26,-3.93,3
21.278,42.07,41.47,42.07,-4.43,3
21.299,41.98,41.92,41.97,-4.47,3
21.318,41.90,42.14,41.93,-4.30,3
21.339,41.80,41.83,41.84,-4.31,3
21.358,41.72,41.20,41.67,-4.69,3
21.377,41.63,41.22,41.52,-4.94,3
21.399,41.53,41.48,41.42,-4.89,3
21.417,41.45,41.38,41.34,-4.86,3
21.437,41.36,41.69,41.32,-4.55,3
21.456,41.28,41.55,41.28,-4.32,3
21.477,41.19,41.39,41.22,-4.18,3
21.497,41.10,41.16,41.14,-4.17,3
21.517,41.01,41.26,41.09,-4.03,3
21.536,40.92,40.63,40.95,-4.30,3
21.555,40.84,40.78,40.86,-4.37,3
21.574,40.76,40.97,40.80,-4.23,3
21.595,40.66,40.86,40.74,-4.13,3
21.614,40.58,40.77,40.68,-4.06,3
21.634,40.49,40.55,40.59,-4.09,3
21.655,40.39,40.15,40.45,-4.34,3
21.676,40.30,39.80,40.27,-4.73,3
21.697,40.21,39.86,40.12,-4.95,3
21.715,40.13,39.90,40.01,-5.04,3
21.733,40.05,40.33,39.98,-4.76,3
21.753,39.96,40.36,39.96,-4.43,3
21.771,39.88,39.91,39.89,-4.42,3
21.790,39.79,39.59,39.77,-4.56,3
21.809,39.71,39.84,39.71,-4.45,3
21.830,39.61,39.63,39.62,-4.44,3
21.851,39.52,39.72,39.55,-4.31,3
21.872,39.43,39.09,39.40,-4.57,3
21.892,39.34,39.48,39.34,-4.45,3
21.914,39.24,39.49,39.28,-4.28,3
21.933,39.16,39.35,39.22,-4.17,3
21.952,39.07,38.72,39.08,-4.46,3
21.972,38.99,38.66,38.94,-4.69,3
21.993,38.89,39.02,38.87,-4.56,3
22.013,38.80,38.67,38.76,-4.63,3
22.035,38.70,38.56,38.64,-4.70,3
22.057,38.61,38.72,38.57,-4.57,3
22.076,38.52,38.47,38.48,-4.58,3
22.097,38.43,38.92,38.47,-4.19,3
22.117,38.34,38.39,38.39,-4.19,3
22.137,38.25,37.76,38.22,-4.58,3
22.156,38.17,38.26,38.15,-4.48,3
22.174,38.09,38.19,38.09,-4.40,3
22.192,38.01,37.85,37.99,-4.51,3
22.212,37.92,38.27,37.95,-4.25,3
22.232,37.83,38.08,37.90,-4.10,3
22.251,37.74,37.61,37.79,-4.25,3
22.272,37.65,37.83,37.72,-4.17,3
22.290,37.57,37.51,37.62,-4.26,3
22.310,37.48,37.33,37.51,-4.41,3
22.330,37.39,37.55,37.44,-4.32,3
22.350,37.30,37.05,37.31,-4.53,3
22.368,37.22,37.59,37.28,-4.28,3
22.386,37.14,37.59,37.27,-4.02,3
22.404,37.06,36.75,37.13,-4.32,3
22.424,36.97,37.30,37.08,-4.14,3
22.443,36.89,36.74,36.96,-4.32,3
22.461,36.81,36.85,36.88,-4.34,3
22.480,36.72,36.58,36.77,-4.49,3
22.501,36.63,36.61,36.66,-4.53,3
22.520,36.55,37.35,36.69,-4.01,3
22.540,36.45,36.25,36.55,-4.25,3
22.559,36.37,36.23,36.44,-4.42,3
22.580,36.28,36.11,36.31,-4.58,3
22.602,36.18,35.69,36.13,-4.94,3
22.623,36.09,36.18,36.05,-4.83,3
22.643,36.00,35.90,35.94,-4.87,3
22.664,35.90,35.79,35.83,-4.91,3
22.685,35.81,35.74,35.73,-4.90,3
22.704,35.72,35.68,35.64,-4.87,3
22.723,35.64,35.85,35.60,-4.67,3
22.742,35.56,35.21,35.46,-4.88,3
22.761,35.47,35.58,35.41,-4.73,3
22.779,35.39,35.38,35.33,-4.69,3
22.800,35.30,35.42,35.26,-4.56,3
22.818,35.22,35.23,35.19,-4.53,3
22.840,35.12,35.10,35.09,-4.52,3
22.859,35.04,35.19,35.04,-4.40,3
22.878,34.95,35.10,34.98,-4.29,3
22.899,34.86,35.35,34.96,-3.98,3
22.918,34.78,34.67,34.85,-4.13,3
22.938,34.69,34.75,34.77,-4.15,3
22.958,34.59,34.36,34.63,-4.37,3
22.978,34.51,34.51,34.54,-4.39,3
22.998,34.42,34.19,34.41,-4.57,3
23.018,34.33,33.94,34.26,-4.84,3
23.039,34.23,33.93,34.12,-5.00,3
23.060,34.14,34.34,34.07,-4.77,3
23.079,34.06,33.99,33.98,-4.76,3
23.099,33.97,34.32,33.95,-4.45,3
23.119,33.88,34.10,33.90,-4.29,3
23.140,33.79,33.66,33.78,-4.39,3
23.160,33.70,33.90,33.73,-4.25,3
23.181,33.60,33.52,33.62,-4.33,3
23.201,33.51,33.54,33.53,-4.32,3
23.219,33.43,33.47,33.46,-4.31,3
23.238,33.35,33.18,33.35,-4.45,3
23.257,33.27,33.18,33.25,-4.51,3
23.279,33.17,33.68,33.24,-4.14,3
23.298,33.08,33.35,33.19,-4.01,3
23.317,33.00,32.82,33.06,-4.20,3
23.337,32.91,32.71,32.93,-4.39,3
23.358,32.82,33.21,32.90,-4.13,3
23.379,32.72,33.04,32.85,-3.97,3
23.398,32.64,32.51,32.73,-4.16,3
23.418,32.55,32.77,32.67,-4.07,3
23.436,32.47,33.34,32.71,-3.56,3
23.456,32.38,32.61,32.64,-3.58,3
23.475,32.30,32.05,32.49,-3.94,3
23.495,32.21,32.22,32.38,-4.07,3
23.516,32.11,31.44,32.15,-4.67,3
23.535,32.03,31.67,32.00,-4.94,3
23.556,31.93,32.11,31.93,-4.79,3
23.575,31.85,32.04,31.88,-4.66,3
23.594,31.77,31.49,31.74,-4.86,3
23.615,31.67,36.88,31.64,-4.86,3
23.633,31.59,31.84,31.61,-4.63,3
23.654,31.50,31.55,31.52,-4.60,3
23.676,31.40,31.72,31.47,-4.37,3
23.697,31.31,31.57,31.41,-4.22,3
23.718,31.21,31.45,31.34,-4.13,3
23.736,31.13,31.00,31.23,-4.32,3
23.756,31.05,31.19,31.15,-4.28,3
23.776,30.96,25.65,31.07,-4.28,3
23.796,30.87,30.56,30.90,-4.62,3
23.816,30.78,30.41,30.73,-4.92,3
23.837,30.69,30.71,30.65,-4.86,3
23.856,30.60,30.65,30.57,-4.80,3
23.875,30.51,30.98,30.56,-4.44,3
23.895,30.43,30.21,30.43,-4.63,3
23.914,30.34,30.68,30.40,-4.40,3
23.934,30.25,30.01,30.26,-4.60,3
23.953,30.17,30.23,30.18,-4.56,3
23.971,30.09,30.14,30.11,-4.54,3
23.991,30.00,29.86,29.99,-4.64,3
24.011,29.91,30.01,29.92,-4.57,3
24.029,29.83,29.92,29.85,-4.51,3
24.050,29.74,29.92,29.78,-4.39,3
24.071,29.64,29.77,29.70,-4.33,3
24.090,29.56,29.65,29.63,-4.31,3
24.111,29.47,29.27,29.49,-4.50,3
24.133,29.37,29.54,29.42,-4.40,3
24.153,29.28,28.96,29.27,-4.66,3
24.173,29.19,29.47,29.22,-4.45,3
24.192,29.11,28.73,29.07,-4.74,3
24.211,29.02,29.34,29.04,-4.49,3
24.229,28.94,28.57,28.90,-4.75,3
24.250,28.85,28.53,28.75,-4.94,3
24.271,28.75,28.85,28.68,-4.80,3
24.292,28.66,28.78,28.61,-4.66,3
24.313,28.57,28.62,28.54,-4.59,3
24.333,28.48,28.82,28.51,-4.32,3
24.352,28.39,28.39,28.42,-4.35,3
24.370,28.31,28.30,28.33,-4.37,3
24.391,28.22,28.03,28.21,-4.52,3
24.412,28.13,28.10,28.11,-4.54,3
24.432,28.04,27.97,28.01,-4.57,3
24.453,27.94,27.90,27.91,-4.59,3
24.474,27.85,27.76,27.81,-4.62,3
24.495,27.76,27.54,27.68,-4.75,3
24.515,27.67,27.43,27.57,-4.86,3
24.535,27.58,27.62,27.49,-4.75,3
24.554,27.49,27.65,27.44,-4.57,3
24.575,27.40,27.59,27.38,-4.40,3
24.595,27.31,27.33,27.30,-4.38,3
24.615,27.22,27.13,27.20,-4.44,3
24.637,27.13,27.22,27.12,-4.35,3
24.658,27.03,26.92,27.01,-4.43,3
24.679,26.94,27.00,26.93,-4.37,3
24.699,26.85,26.59,26.80,-4.55,3
24.718,26.76,26.91,26.74,-4.41,3
24.739,26.67,26.86,26.69,-4.26,3
24.759,26.58,26.25,26.55,-4.51,3
24.777,26.50,26.45,26.46,-4.52,3
24.797,26.41,26.02,26.31,-4.76,3
24.817,26.33,25.79,26.15,-5.07,3
24.838,26.23,26.64,26.14,-4.64,3
24.859,26.14,26.23,26.07,-4.51,3
24.881,26.04,26.14,26.00,-4.39,3
24.900,25.95,25.97,25.92,-4.35,3
24.919,25.87,25.69,25.82,-4.45,3
24.937,25.79,26.06,25.79,-4.23,3
24.957,25.70,26.00,25.75,-4.02,3
24.976,25.62,25.75,25.69,-3.97,3
24.997,25.53,25.80,25.64,-3.83,3
25.017,25.43,25.42,25.54,-3.93,3
25.037,25.35,25.34,25.44,-4.01,3
25.057,25.26,24.86,25.28,-4.37,3
25.078,25.16,25.11,25.17,-4.42,3
25.098,25.07,25.21,25.10,-4.33,3
25.117,24.99,24.75,24.98,-4.52,3
25.139,24.89,25.05,24.91,-4.40,3
25.159,24.80,24.67,24.79,-4.51,3
25.178,24.72,24.77,24.72,-4.46,3
25.198,24.63,24.77,24.65,-4.37,3
25.219,24.53,29.80,24.56,-4.37,3
25.241,24.44,24.44,24.46,-4.38,3
25.262,24.34,24.44,24.38,-4.33,3
25.282,24.26,24.09,24.26,-4.49,3
25.303,24.16,24.04,24.14,-4.58,3
25.323,24.08,24.25,24.08,-4.43,3
25.342,23.99,23.96,23.99,-4.46,3
25.363,23.90,23.61,23.85,-4.66,3
25.382,23.81,23.78,23.77,-4.65,3
25.401,23.72,23.74,23.68,-4.60,3
25.423,23.63,23.24,23.53,-4.85,3
25.444,23.54,23.21,23.39,-5.00,3
25.463,23.45,23.41,23.31,-4.92,3
25.483,23.36,23.36,23.23,-4.82,3
25.503,23.27,23.22,23.15,-4.76,3
25.524,23.18,23.14,23.07,-4.69,3
25.546,23.08,22.98,22.97,-4.68,3
25.565,23.00,23.30,22.95,-4.38,3
25.583,22.92,22.81,22.86,-4.43,3
25.603,22.83,22.46,22.72,-4.64,3
25.624,22.74,22.75,22.65,-4.55,3
25.643,22.65,22.18,22.50,-4.82,3
25.663,22.56,22.99,22.50,-4.41,3
25.682,22.47,22.23,22.38,-4.54,3
25.701,22.39,22.43,22.32,-4.45,3
25.722,22.30,21.86,22.17,-4.70,3
25.742,22.21,21.90,22.04,-4.82,3
25.763,22.12,22.50,22.03,-4.42,3
25.783,22.03,22.41,22.02,-4.09,3
25.802,21.95,21.93,21.94,-4.10,3
25.823,21.85,21.29,21.76,-4.50,3
25.844,21.76,21.56,21.65,-4.58,3
25.864,21.67,21.43,21.54,-4.67,3
25.886,21.57,21.88,21.51,-4.35,3
25.907,21.48,21.36,21.41,-4.39,3
25.927,21.39,21.62,21.37,-4.17,3
25.946,21.30,21.80,21.37,-3.80,3
25.966,21.22,21.34,21.30,-3.78,3
25.986,21.13,21.11,21.21,-3.86,3
26.005,21.04,20.89,21.10,-4.04,3
26.025,20.95,20.72,20.96,-4.24,3
26.044,20.87,20.76,20.87,-4.33,3
26.062,20.79,20.59,20.76,-4.46,3
26.083,20.69,20.21,20.59,-4.78,3
26.105,20.60,20.65,20.52,-4.67,3
26.123,20.52,21.00,20.52,-4.28,3
26.144,20.42,20.39,20.42,-4.31,3
26.163,20.34,20.23,20.32,-4.39,3
26.182,20.25,20.41,20.27,-4.27,3
26.200,20.17,20.03,20.16,-4.38,3
26.219,20.09,20.35,20.12,-4.19,3
26.240,20.00,20.19,20.06,-4.09,3
26.258,19.92,19.89,19.97,-4.16,3
26.277,19.83,20.00,19.91,-4.08,3
26.295,19.75,19.57,19.79,-4.26,3
26.317,19.65,19.65,19.70,-4.30,3
26.337,19.56,19.71,19.63,-4.22,3
26.359,19.47,19.61,19.55,-4.17,3
26.378,19.38,19.50,19.47,-4.15,3
26.398,19.29,18.95,19.32,-4.45,3
26.419,19.20,19.70,19.30,-4.12,3
26.440,19.11,18.92,19.17,-4.33,3
26.460,19.02,18.55,18.99,-4.71,3
26.482,18.92,18.84,18.88,-4.74,3
26.500,18.84,18.70,18.78,-4.81,3
26.519,18.75,18.33,18.63,-5.06,3
26.541,18.66,18.58,18.54,-5.02,3
26.560,18.57,18.27,18.41,-5.14,3
26.578,18.49,18.28,18.31,-5.17,3
26.597,18.41,18.82,18.31,-4.76,3
26.618,18.32,18.46,18.25,-4.58,3
26.637,18.23,17.86,18.11,-4.79,3
26.656,18.15,18.01,18.02,-4.80,3
26.676,18.06,17.66,17.89,-4.98,3
26.696,17.97,18.64,17.92,-4.40,3
26.716,17.88,17.88,17.84,-4.37,3
26.735,17.79,17.87,17.77,-4.29,3
26.754,17.71,17.89,17.72,-4.15,3
26.773,17.63,18.13,17.72,-3.82,3
26.793,17.53,16.97,17.53,-4.28,3
26.813,17.45,17.75,17.50,-4.08,3
26.834,17.36,17.65,17.45,-3.91,3
26.854,17.27,16.73,17.27,-4.36,3
26.875,17.17,16.74,17.11,-4.67,3
26.894,17.09,17.36,17.07,-4.42,3
26.913,17.00,16.46,16.90,-4.79,3
26.933,16.91,16.96,16.83,-4.69,3
26.953,16.83,16.86,16.75,-4.60,3
26.972,16.74,16.21,16.59,-4.92,3
26.990,16.66,16.30,16.47,-5.06,3
27.009,16.58,16.39,16.38,-5.05,3
27.030,16.48,16.34,16.28,-5.00,3
27.050,16.39,16.50,16.23,-4.79,3
27.069,16.31,16.40,16.18,-4.61,3
27.089,16.22,16.30,16.12,-4.46,3
27.110,16.13,16.19,16.06,-4.35,3
27.131,16.03,15.99,15.97,-4.33,3
27.151,15.94,16.28,15.94,-4.05,3
27.173,15.85,10.90,15.85,-4.05,3
27.191,15.77,16.00,15.82,-3.87,3
27.211,15.68,15.52,15.70,-4.04,3
27.230,15.59,15.91,15.68,-3.84,3
27.250,15.50,15.37,15.56,-4.00,3
27.270,15.42,15.21,15.44,-4.20,3
27.290,15.33,15.18,15.33,-4.32,3
27.311,15.23,15.20,15.22,-4.35,3
27.329,15.15,15.20,15.15,-4.31,3
27.351,15.06,15.47,15.13,-4.03,3
27.370,14.97,15.02,15.05,-4.05,3
27.389,14.89,14.65,14.92,-4.28,3
27.409,14.80,14.90,14.84,-4.23,3
27.430,14.71,15.00,14.80,-4.06,3
27.452,14.61,14.80,14.72,-4.00,3
27.473,14.51,14.01,14.53,-4.44,3
27.491,14.43,14.77,14.50,-4.22,3
27.511,14.35,14.31,14.40,-4.31,3
27.532,14.25,14.19,14.29,-4.40,3
27.552,14.16,14.61,14.27,-4.11,3
27.573,14.07,14.31,14.20,-4.02,3
27.592,13.98,14.00,14.11,-4.11,3
27.612,13.89,19.30,14.03,-4.11,3
27.633,13.80,13.64,13.88,-4.35,3
27.655,13.70,13.94,13.82,-4.23,3
27.676,13.61,14.01,13.78,-4.02,3
27.695,13.53,13.54,13.68,-4.14,3
27.714,13.44,13.22,13.53,-4.42,3
27.733,13.36,13.35,13.43,-4.49,3
27.751,13.28,13.06,13.30,-4.69,3
27.770,13.19,13.24,13.21,-4.67,3
27.790,13.10,13.01,13.10,-4.74,3
27.809,13.02,13.17,13.04,-4.64,3
27.828,12.94,13.25,13.00,-4.44,3
27.849,12.84,12.97,12.91,-4.40,3
27.868,12.75,12.45,12.77,-4.65,3
27.890,12.66,13.18,12.75,-4.29,3
27.910,12.57,12.41,12.62,-4.47,3
27.928,12.49,12.55,12.54,-4.47,3
27.950,12.39,12.11,12.39,-4.71,3
27.968,12.31,12.50,12.33,-4.57,3
27.988,12.22,12.12,12.22,-4.66,3
28.007,12.14,12.48,12.19,-4.41,3
28.027,12.05,12.47,12.16,-4.15,3
28.047,11.96,12.11,12.08,-4.13,3
28.066,11.88,11.88,11.99,-4.21,3
28.085,11.79,11.90,11.90,-4.22,3
28.105,11.70,11.77,11.81,-4.26,3
28.125,11.61,11.17,11.64,-4.64,3
28.146,11.52,11.35,11.51,-4.78,3
28.168,11.42,11.40,11.41,-4.78,3
28.189,11.33,11.55,11.35,-4.61,3
28.210,11.23,11.27,11.25,-4.59,3
28.232,11.14,11.39,11.19,-4.42,3
28.250,11.06,10.77,11.05,-4.66,3
28.271,10.97,11.20,11.00,-4.49,3
28.292,10.87,10.68,10.87,-4.65,3
28.310,10.79,10.39,10.72,-4.93,3
28.330,10.70,10.78,10.65,-4.81,3
28.350,10.61,10.61,10.56,-4.77,3
28.370,10.53,10.61,10.49,-4.67,3
28.390,10.44,15.85,10.40,-4.67,3
28.411,10.34,9.99,10.24,-4.92,3
28.431,10.25,10.10,10.13,-4.95,3
28.452,10.16,10.36,10.09,-4.70,3
28.471,10.08,9.74,9.95,-4.90,3
28.491,9.99,10.50,9.96,-4.43,3
28.512,9.89,9.95,9.88,-4.38,3
28.533,9.80,9.44,9.73,-4.63,3
28.553,9.71,9.94,9.69,-4.42,3
28.571,9.63,9.43,9.58,-4.55,3
28.593,9.53,9.53,9.49,-4.51,3
28.613,9.44,9.82,9.47,-4.21,3
28.635,9.35,9.70,9.43,-3.98,3
28.657,9.25,9.26,9.33,-4.04,3
28.679,9.15,9.23,9.24,-4.04,3
28.697,9.07,8.98,9.14,-4.17,3
28.716,8.99,9.42,9.12,-3.91,3
28.737,8.89,8.64,8.97,-4.19,3
28.759,8.80,8.80,8.86,-4.25,3
28.779,8.71,8.95,8.81,-4.13,3
28.798,8.62,8.46,8.69,-4.32,3
28.817,8.54,8.48,8.58,-4.40,3
28.835,8.46,8.61,8.52,-4.33,3
28.854,8.37,8.66,8.47,-4.18,3
28.874,8.28,8.16,8.35,-4.34,3
28.892,8.20,8.01,8.23,-4.52,3
28.914,8.11,8.57,8.20,-4.21,3
28.933,8.02,8.06,8.11,-4.25,3
28.954,7.93,8.05,8.03,-4.23,3
28.976,7.83,7.72,7.90,-4.39,3
28.995,7.75,7.47,7.76,-4.63,3
29.016,7.65,7.31,7.61,-4.89,3
29.037,7.56,7.88,7.57,-4.62,3
29.055,7.48,7.13,7.43,-4.87,3
29.076,7.39,7.17,7.30,-4.98,3
29.096,7.30,7.44,7.24,-4.80,3
29.115,7.22,7.30,7.17,-4.70,3
29.135,7.12,7.02,7.06,-4.74,3
29.157,7.03,6.98,6.96,-4.72,3
29.176,6.94,6.81,6.86,-4.77,3
29.198,6.85,7.14,6.82,-4.49,3
29.216,6.76,7.00,6.78,-4.31,3
29.235,6.68,6.75,6.71,-4.27,3
29.255,6.59,6.28,6.57,-4.51,3
29.276,6.50,6.22,6.43,-4.69,3
29.295,6.42,6.43,6.36,-4.63,3
29.316,6.32,6.20,6.25,-4.67,3
29.336,6.23,6.59,6.23,-4.37,3
29.357,6.14,6.27,6.16,-4.27,3
29.379,6.04,6.17,6.09,-4.20,3
29.397,5.96,6.02,6.01,-4.19,3
29.416,5.88,6.00,5.94,-4.14,3
29.434,5.80,5.73,5.85,-4.24,3
29.454,5.71,5.50,5.72,-4.42,3
29.472,5.63,5.58,5.63,-4.46,3
29.493,5.53,5.51,5.53,-4.48,3
29.512,5.45,5.47,5.45,-4.46,3
29.532,5.36,5.36,5.36,-4.46,3
29.551,5.28,5.31,5.28,-4.44,3
29.570,5.19,4.99,5.16,-4.58,3
29.590,5.10,5.24,5.10,-4.46,3
29.611,5.01,5.19,5.03,-4.33,3
29.633,4.91,5.05,4.96,-4.25,3
29.653,4.82,5.17,4.92,-4.03,3
29.675,4.73,4.79,4.83,-4.07,3
29.696,4.63,4.57,4.71,-4.19,3
29.718,4.53,4.22,4.55,-4.48,3
29.736,4.45,4.65,4.50,-4.35,3
29.754,4.37,4.29,4.40,-4.45,3
29.773,4.29,3.91,4.25,-4.73,3
29.791,4.21,4.44,4.21,-4.54,3
29.812,4.12,3.91,4.08,-4.69,3
29.831,4.03,4.00,3.99,-4.68,3
29.849,3.95,3.92,3.91,-4.68,3
29.871,3.85,4.10,3.86,-4.47,3
29.893,3.76,3.37,3.69,-4.74,3
29.912,3.67,3.77,3.63,-4.63,3
29.932,3.58,3.57,3.54,-4.61,3
29.952,3.50,3.53,3.46,-4.55,3
29.974,3.40,3.55,3.39,-4.42,3
29.993,3.31,3.09,3.27,-4.57,3
30.012,3.23,3.61,3.26,-4.27,3
30.032,3.14,3.23,3.18,-4.23,3
30.052,3.05,2.56,3.01,-4.61,3
30.070,2.97,3.16,2.96,-4.45,3
30.089,2.88,2.81,2.87,-4.50,3
30.109,2.80,2.75,2.77,-4.51,3
30.128,2.71,2.69,2.69,-4.51,3
30.147,2.63,2.66,2.61,-4.47,3
30.167,2.54,2.47,2.51,-4.51,3
30.187,2.45,2.06,2.37,-4.76,3
30.207,2.36,2.51,2.31,-4.59,3
30.229,2.26,1.95,2.17,-4.78,3
30.250,2.17,2.13,2.08,-4.73,3
30.271,2.08,2.17,2.01,-4.59,3
30.290,1.99,2.47,2.01,-4.20,3
30.311,1.90,2.21,1.97,-4.00,3
30.333,1.80,1.29,1.79,-4.42,3
30.352,1.71,1.97,1.74,-4.23,3
30.372,1.63,1.26,1.60,-4.51,3
30.392,1.54,1.66,1.53,-4.40,3
30.411,1.45,1.48,1.45,-4.37,3
30.430,1.37,1.83,1.44,-4.05,3
30.451,1.28,1.64,1.40,-3.85,3
30.473,1.18,1.26,1.31,-3.90,3
30.495,1.08,1.30,1.24,-3.84,3
30.516,0.99,0.93,1.11,-4.00,3
30.536,0.90,0.76,0.99,-4.20,3
30.557,0.80,1.19,0.95,-3.99,3
30.577,0.72,0.62,0.83,-4.17,3
30.596,0.63,0.73,0.75,-4.18,3
30.617,0.54,0.83,0.69,-4.07,3
30.638,0.44,0.87,0.64,-3.87,3
30.657,0.36,0.23,0.51,-4.11,3
30.676,0.28,0.45,0.44,-4.10,3
30.697,0.18,0.03,0.30,-4.34,3
30.718,0.09,0.11,0.19,-4.41,3
30.738,0.00,-0.22,0.05,-4.64,3
30.759,0.00,-0.45,-0.11,-4.93,3
30.779,0.00,0.04,-0.17,-4.75,3
30.799,0.00,-0.27,-0.27,-4.76,3
30.820,0.00,0.32,-0.26,-4.26,3
30.839,0.00,0.13,-0.26,-3.93,3
30.858,0.00,-0.47,-0.36,-4.02,3
30.879,0.00,0.08,-0.36,-3.66,3
30.900,0.00,-0.43,-0.43,-3.66,3
30.920,0.00,0.50,-0.34,-2.94,3
30.939,0.00,0.37,-0.27,-2.40,3
30.958,0.00,-0.12,-0.29,-2.26,3
30.979,0.00,0.06,-0.27,-1.98,3
30.999,0.00,0.08,-0.25,-1.70,3
31.020,0.00,0.02,-0.23,-1.48,3
31.042,0.00,-0.31,-0.27,-1.51,3
31.062,0.00,0.04,-0.25,-1.27,3
31.082,0.00,-0.24,-0.27,-1.25,3
31.101,0.00,-0.12,-0.26,-1.13,3
31.122,0.00,-0.22,-0.28,-1.08,3
31.143,0.00,0.11,-0.23,-0.78,3
31.164,0.00,0.09,-0.19,-0.54,3
31.183,0.00,5.21,-0.20,-0.54,3
31.204,0.00,0.18,-0.14,-0.23,3
31.225,0.00,0.07,-0.11,-0.06,3
31.245,0.00,-0.04,-0.10,-0.01,3
31.265,0.00,-0.20,-0.11,-0.08,3
31.284,0.00,0.14,-0.07,0.10,3
31.303,0.00,0.31,-0.01,0.37,3
31.323,0.00,-0.15,-0.02,0.26,3
31.341,0.00,-0.05,-0.02,0.24,3
31.362,0.00,0.01,-0.02,0.26,3
31.383,0.00,0.08,0.00,0.32,3
31.401,0.00,-0.52,-0.07,-0.04,3
31.423,0.00,0.55,0.03,0.39,3
31.443,0.00,0.18,0.06,0.50,3
31.463,0.00,0.12,0.08,0.53,3
31.484,0.00,0.19,0.10,0.60,3
31.504,0.00,0.10,0.11,0.60,3
31.524,0.00,0.10,0.12,0.58,3
31.546,0.00,0.33,0.17,0.72,3
31.565,0.00,-0.27,0.11,0.40,3
31.583,0.00,-0.12,0.08,0.24,3
31.604,0.00,0.27,0.11,0.37,3
31.623,0.00,0.08,0.11,0.35,3
31.641,0.00,0.37,0.16,0.52,3
31.659,0.00,0.19,0.17,0.53,3
31.680,0.00,0.04,0.16,0.44,3
31.699,0.00,0.17,0.17,0.44,3
31.721,0.00,0.16,0.18,0.43,3
31.741,0.00,0.38,0.22,0.56,3
31.762,0.00,-0.12,0.17,0.31,3
31.782,0.00,0.01,0.15,0.19,3
31.804,0.00,0.09,0.14,0.14,3
31.823,0.00,-0.24,0.08,-0.13,3
31.845,0.00,-0.44,-0.00,-0.50,3
31.866,0.00,0.41,0.05,-0.20,3
31.888,0.00,-0.13,0.02,-0.33,3
31.909,0.00,0.38,0.08,-0.06,3
31.931,0.00,0.24,0.10,0.06,3
31.951,0.00,-0.51,0.00,-0.39,3
31.973,0.00,-0.04,-0.01,-0.41,3
31.994,0.00,0.26,0.03,-0.20,3
32.013,0.00,-0.36,-0.04,-0.48,3
32.034,0.00,0.29,0.00,-0.23,3
32.054,0.00,-0.13,-0.02,-0.32,3
32.074,0.00,0.27,0.02,-0.11,3
32.092,0.00,0.05,0.02,-0.09,3
32.111,0.00,-0.47,-0.06,-0.43,3
32.132,0.00,0.07,-0.04,-0.34,3
32.152,0.00,-0.16,-0.07,-0.41,3
32.171,0.00,0.03,-0.06,-0.34,3
32.191,0.00,0.04,-0.05,-0.26,3
32.212,0.00,0.32,0.01,0.00,3
32.233,0.00,-0.46,-0.07,-0.33,3
32.253,0.00,0.04,-0.06,-0.25,3
32.274,0.00,-0.42,-0.12,-0.50,3
32.294,0.00,0.16,-0.08,-0.30,3
32.314,0.00,-0.22,-0.11,-0.39,3
32.334,0.00,-0.36,-0.16,-0.56,3
32.352,0.00,-0.05,-0.15,-0.48,3
32.374,0.00,-0.25,-0.17,-0.54,3
32.394,0.00,0.24,-0.12,-0.24,3
32.415,0.00,0.22,-0.06,0.00,3
32.434,0.00,0.13,-0.03,0.14,3
32.455,0.00,0.08,-0.01,0.22,3
32.475,0.00,0.17,0.02,0.34,3
32.497,0.00,-0.37,-0.04,0.06,3
32.516,0.00,-0.30,-0.08,-0.13,3
32.537,0.00,0.44,0.00,0.24,3
32.557,0.00,-0.18,-0.02,0.10,3
32.577,0.00,-0.13,-0.04,0.03,3
32.598,0.00,0.18,-0.00,0.18,3
32.617,0.00,-0.25,-0.04,0.00,3
32.636,0.00,0.25,0.01,0.21,3
32.658,0.00,-0.02,0.01,0.19,3
32.679,0.00,-0.30,-0.04,-0.03,3
32.697,0.00,0.50,0.05,0.35,3
32.717,0.00,-0.42,-0.02,0.02,3
32.738,0.00,0.03,-0.01,0.05,3
32.759,0.00,0.10,0.01,0.13,3
32.780,0.00,0.05,0.01,0.16,3
32.799,0.00,-0.18,-0.01,0.02,3
32.820,0.00,-0.52,-0.10,-0.34,3
32.839,0.00,0.30,-0.04,-0.06,3
32.857,0.00,0.75,0.09,0.49,3
32.878,0.00,0.04,0.09,0.45,3
32.900,0.00,0.08,0.09,0.44,3
32.919,0.00,-0.22,0.05,0.21,3
32.940,0.00,-0.42,-0.02,-0.12,3
32.960,0.00,0.16,0.01,0.01,3
32.981,0.00,0.29,0.05,0.21,3
32.999,0.00,-0.26,0.01,-0.01,3
33.018,0.00,-0.05,-0.00,-0.05,3
33.039,0.00,-0.29,-0.05,-0.25,3
33.058,0.00,-0.02,-0.05,-0.23,3
33.078,0.00,-0.04,-0.05,-0.22,3
33.099,0.00,0.37,0.01,0.08,3
33.117,0.00,0.25,0.05,0.25,3
33.135,0.00,0.15,0.07,0.31,3
33.157,0.00,-0.03,0.06,0.24,3
33.176,0.00,-0.02,0.05,0.18,3
33.196,0.00,-0.28,0.00,-0.05,3
33.217,0.00,-0.32,-0.05,-0.28,3
33.236,0.00,-0.30,-0.09,-0.45,3
33.254,0.00,-0.13,-0.11,-0.47,3
33.275,0.00,0.50,-0.02,-0.04,3
33.296,0.00,0.18,0.01,0.10,3
33.316,0.00,-0.25,-0.03,-0.08,3
33.336,0.00,0.11,-0.01,0.02,3
33.357,0.00,0.18,0.02,0.15,3
33.377,0.00,-0.14,0.00,0.03,3
33.397,0.00,0.04,0.01,0.06,3
33.415,0.00,-0.14,-0.02,-0.05,3
33.433,0.00,0.07,-0.00,0.01,3
33.452,0.00,0.25,0.04,0.18,3
33.474,0.00,-0.05,0.03,0.12,3
33.495,0.00,-0.11,0.01,0.02,3
33.516,0.00,-0.12,-0.01,-0.06,3
33.536,0.00,-0.17,-0.04,-0.17,3
33.558,0.00,-0.12,-0.06,-0.23,3
33.578,0.00,0.12,-0.03,-0.10,3
33.599,0.00,-0.15,-0.05,-0.18,3
33.620,0.00,0.14,-0.02,-0.04,3
33.638,0.00,0.24,0.02,0.15,3
33.658,0.00,0.28,0.06,0.33,3
33.679,0.00,-0.39,-0.00,0.00,3
33.697,0.00,-0.04,-0.01,-0.02,3
33.717,0.00,-0.25,-0.05,-0.19,3
33.736,0.00,-0.48,-0.12,-0.48,3
33.756,0.00,-0.09,-0.12,-0.45,3
33.777,0.00,-0.13,-0.13,-0.45,3
33.796,0.00,-0.02,-0.12,-0.37,3
33.815,0.00,0.12,-0.09,-0.20,3
33.835,0.00,0.05,-0.07,-0.10,3
33.856,0.00,0.17,-0.03,0.07,3
33.878,0.00,0.09,-0.01,0.16,3
33.897,0.00,-0.26,-0.05,-0.02,3
33.916,0.00,-0.45,-0.11,-0.30,3
33.937,0.00,-0.19,-0.13,-0.35,3
33.958,0.00,-0.18,-0.15,-0.38,3
33.977,0.00,0.35,-0.07,-0.02,3
33.998,0.00,0.24,-0.02,0.20,3
34.018,0.00,0.09,-0.00,0.27,3
34.038,0.00,0.20,0.04,0.41,3
34.057,0.00,0.32,0.09,0.60,3
34.077,0.00,0.03,0.09,0.55,3
34.099,0.00,0.13,0.11,0.58,3
34.121,0.00,-0.24,0.06,0.32,3
34.142,0.00,0.35,0.11,0.53,3
34.164,0.00,-0.08,0.09,0.38,3
34.185,0.00,-0.04,0.08,0.28,3
34.203,0.00,0.27,0.11,0.41,3
34.224,0.00,0.11,0.12,0.40,3
34.245,0.00,0.20,0.14,0.46,3
34.263,0.00,-0.24,0.09,0.19,3
34.284,0.00,-0.01,0.07,0.12,3
34.304,0.00,-0.20,0.03,-0.08,3
34.323,0.00,0.20,0.06,0.04,3
34.342,0.00,0.08,0.06,0.05,3
34.363,0.00,0.16,0.08,0.12,3
34.385,0.00,-0.23,0.03,-0.10,3
34.406,0.00,0.21,0.06,0.03,3
34.424,0.00,-0.18,0.02,-0.14,3
34.443,0.00,-0.02,0.01,-0.16,3
34.462,0.00,0.22,0.04,-0.01,3
34.482,0.00,-0.04,0.03,-0.07,3
34.502,0.00,0.32,0.07,0.14,3
34.523,0.00,-0.03,0.06,0.06,3
34.544,0.00,-0.14,0.03,-0.08,3
34.565,0.00,0.29,0.07,0.11,3
34.585,0.00,0.02,0.06,0.07,3
34.603,0.00,0.04,0.06,0.05,3
34.625,0.00,-0.10,0.04,-0.06,3
34.646,0.00,0.25,0.07,0.10,3
34.666,0.00,0.55,0.15,0.44,3
34.688,0.00,-0.08,0.12,0.26,3
34.709,0.00,-0.36,0.04,-0.10,3
34.731,0.00,0.03,0.04,-0.10,3
34.753,0.00,0.27,0.08,0.07,3
34.771,0.00,0.07,0.08,0.06,3
34.792,0.00,0.15,0.09,0.12,3
34.810,0.00,-0.24,0.04,-0.12,3
34.830,0.00,-0.54,-0.06,-0.53,3
34.848,0.00,-0.13,-0.08,-0.57,3
34.867,0.00,-0.11,-0.09,-0.59,3
34.887,0.00,-0.12,-0.10,-0.60,3
34.908,0.00,-0.02,-0.10,-0.53,3
34.929,0.00,0.07,-0.08,-0.40,3
34.948,0.00,-0.40,-0.14,-0.61,3
34.969,0.00,0.31,-0.08,-0.29,3
34.989,0.00,-0.32,-0.12,-0.45,3
35.011,0.00,-0.55,-0.20,-0.75,3
35.031,0.00,-0.04,-0.19,-0.63,3
35.053,0.00,0.14,-0.14,-0.38,3
35.073,0.00,-0.26,-0.17,-0.46,3
35.093,0.00,0.07,-0.14,-0.28,3
35.113,0.00,-0.09,-0.14,-0.25,3
35.135,0.00,-0.39,-0.18,-0.42,3
35.154,0.00,-0.22,-0.19,-0.44,3
35.174,0.00,-0.27,-0.21,-0.49,3
35.195,0.00,0.23,-0.15,-0.16,3
35.214,0.00,0.42,-0.06,0.24,3
35.234,0.00,-0.25,-0.09,0.11,3
35.254,0.00,0.39,-0.01,0.44,3
35.274,0.00,0.60,0.10,0.87,3
35.293,0.00,0.28,0.14,0.98,3
35.314,0.00,0.67,0.25,1.34,3
35.334,0.00,0.09,0.24,1.21,3
35.353,0.00,-0.05,0.21,0.99,3
35.373,0.00,-0.96,0.04,0.15,3
35.395,0.00,0.45,0.11,0.43,3
35.416,0.00,0.21,0.13,0.50,3
35.434,0.00,-0.04,0.11,0.37,3
35.456,0.00,-0.12,0.08,0.20,3
35.475,0.00,0.04,0.08,0.16,3
35.493,0.00,0.35,0.12,0.35,3
35.513,0.00,0.13,0.13,0.35,3
35.533,0.00,0.10,0.13,0.32,3
35.552,0.00,0.39,0.18,0.50,3
35.573,0.00,-0.56,0.07,-0.03,3
35.593,0.00,-0.25,0.02,-0.25,3
35.611,0.00,0.19,0.04,-0.13,3
35.631,0.00,0.06,0.04,-0.12,3
35.651,0.00,0.06,0.04,-0.10,3
35.670,0.00,0.16,0.06,-0.02,3
35.690,0.00,-0.32,-0.00,-0.28,3
35.711,0.00,-0.48,-0.08,-0.61,3
35.732,0.00,-0.15,-0.11,-0.65,3
35.754,0.00,0.44,-0.03,-0.25,4
35.776,0.00,0.09,-0.01,-0.16,4
35.794,0.00,-0.20,-0.05,-0.29,4
35.813,0.00,0.31,0.01,-0.04,4
35.833,0.00,-0.14,-0.02,-0.14,4
35.855,0.00,0.26,0.03,0.06,4
35.874,0.00,-0.58,-0.07,-0.36,4
35.894,0.00,0.03,-0.06,-0.29,4
35.916,0.00,-0.18,-0.09,-0.37,4
35.934,0.00,0.23,-0.04,-0.14,4
35.954,0.00,-0.20,-0.07,-0.25,4
35.973,0.00,-0.01,-0.06,-0.20,4
35.994,0.00,0.20,-0.02,-0.02,4
36.014,0.00,0.19,0.01,0.13,4
36.034,0.00,-0.10,-0.01,0.05,4
36.053,0.00,-0.08,-0.02,0.00,4
36.071,0.00,-0.01,-0.01,0.01,4
36.092,0.00,0.35,0.04,0.26,4
36.113,0.00,-0.30,-0.01,0.02,4
36.134,0.00,0.59,0.09,0.44,4
36.156,0.00,0.37,0.14,0.63,4
36.175,0.00,-0.59,0.04,0.11,4
36.194,0.00,0.55,0.12,0.46,4
36.214,0.00,-0.22,0.07,0.22,4
36.235,0.00,-0.51,-0.02,-0.20,4
36.257,0.00,0.02,-0.02,-0.17,4
36.277,0.00,-0.02,-0.02,-0.17,4
36.298,0.00,0.27,0.03,0.04,4
36.317,0.00,-0.13,0.00,-0.07,4
36.337,0.00,0.54,0.09,0.31,4
36.357,0.00,0.00,0.08,0.24,4
36.377,0.00,-0.28,0.02,-0.01,4
36.397,0.00,-0.31,-0.03,-0.24,4
36.415,0.00,-0.14,-0.05,-0.32,4
36.434,0.00,-0.15,-0.07,-0.38,4
36.454,0.00,-0.17,-0.09,-0.45,4
36.476,0.00,0.43,-0.02,-0.08,4
36.496,0.00,0.13,0.00,0.03,4
36.517,0.00,0.36,0.06,0.28,4
36.537,0.00,0.32,0.11,0.46,4
36.557,0.00,0.28,0.14,0.58,4
36.577,0.00,0.01,0.13,0.47,4
36.596,0.00,-0.05,0.11,0.34,4
36.615,0.00,0.05,0.11,0.30,4
36.637,0.00,0.15,0.12,0.32,4
36.658,0.00,0.01,0.11,0.24,4
36.680,0.00,0.00,0.09,0.16,4
36.699,0.00,0.18,0.11,0.22,4
36.719,0.00,-0.05,0.09,0.10,4
36.738,0.00,-0.31,0.02,-0.19,4
36.757,0.00,-0.01,0.02,-0.20,4
36.777,0.00,-0.07,-0.00,-0.26,4
36.797,0.00,-0.09,-0.02,-0.32,4
36.815,0.00,0.36,0.04,-0.06,4
36.837,0.00,-0.28,-0.02,-0.28,4
36.858,0.00,0.19,0.01,-0.13,4
36.876,0.00,-0.32,-0.04,-0.36,4
36.897,0.00,0.19,-0.01,-0.19,4
36.917,0.00,-0.18,-0.04,-0.30,4
36.938,0.00,0.36,0.02,-0.02,4
36.959,0.00,-0.29,-0.03,-0.23,4
36.977,0.00,0.07,-0.02,-0.16,4
36.999,0.00,-0.34,-0.07,-0.38,4
37.020,0.00,-0.42,-0.14,-0.62,4
37.041,0.00,-0.21,-0.16,-0.67,4
37.059,0.00,0.05,-0.14,-0.51,4
37.079,0.00,5.54,-0.15,-0.51,4
37.097,0.00,-0.23,-0.17,-0.57,4
37.117,0.00,0.44,-0.07,-0.10,4
37.136,0.00,-0.06,-0.07,-0.09,4
37.157,0.00,-0.32,-0.11,-0.27,4
37.176,0.00,-0.39,-0.17,-0.46,4
37.198,0.00,-0.45,-0.22,-0.66,4
37.220,0.00,0.12,-0.18,-0.40,4
37.239,0.00,0.54,-0.06,0.11,4
37.257,0.00,-0.25,-0.09,-0.02,4
37.277,0.00,-0.41,-0.14,-0.24,4
37.297,0.00,0.08,-0.11,-0.08,4
37.319,0.00,0.13,-0.07,0.09,4
37.337,0.00,-0.15,-0.08,0.04,4
37.356,0.00,0.21,-0.04,0.25,4
37.376,0.00,-0.29,-0.07,0.07,4
37.395,0.00,-0.02,-0.06,0.11,4
37.416,0.00,-0.31,-0.10,-0.07,4
37.435,0.00,0.59,0.01,0.41,4
37.456,0.00,0.17,0.04,0.52,4
37.476,0.00,0.11,0.06,0.56,4
37.497,0.00,0.39,0.12,0.78,4
37.516,0.00,0.39,0.18,0.96,4
37.537,0.00,0.10,0.18,0.89,4
37.558,0.00,0.04,0.18,0.78,4
37.580,0.00,-0.41,0.10,0.35,4
37.599,0.00,-0.54,-0.00,-0.11,4
37.617,0.00,0.26,0.04,0.08,4
37.639,0.00,0.31,0.08,0.27,4
37.660,0.00,-0.30,0.03,-0.01,4
37.678,0.00,0.28,0.07,0.17,4
37.698,0.00,0.15,0.08,0.23,4
37.719,0.00,0.05,0.08,0.20,4
37.740,0.00,-0.38,0.01,-0.13,4
37.762,0.00,0.09,0.02,-0.07,4
37.781,0.00,-0.24,-0.02,-0.25,4
37.801,0.00,0.42,0.05,0.06,4
37.820,0.00,-0.31,-0.01,-0.19,4
37.841,0.00,-0.02,-0.02,-0.19,4
37.863,0.00,0.29,0.03,0.03,4
37.884,0.00,-0.07,0.02,-0.04,4
37.903,0.00,0.06,0.02,-0.01,4
37.923,0.00,-0.05,0.01,-0.06,4
37.944,0.00,-0.20,-0.03,-0.21,4
37.965,0.00,0.05,-0.02,-0.15,4
37.984,0.00,0.11,0.00,-0.06,4
38.004,0.00,0.11,0.02,0.02,4
38.023,0.00,0.21,0.05,0.16,4
38.044,0.00,0.11,0.06,0.19,4
38.064,0.00,-0.02,0.05,0.14,4
38.085,0.00,-0.07,0.04,0.05,4
38.106,0.00,-0.05,0.02,-0.01,4
38.127,0.00,-0.39,-0.05,-0.31,4
38.148,0.00,0.19,-0.01,-0.13,4
38.168,0.00,-0.31,-0.06,-0.35,4
38.187,0.00,0.34,-0.00,-0.06,4
38.209,0.00,0.09,0.01,0.01,4
38.230,0.00,0.23,0.05,0.17,4
38.248,0.00,0.32,0.09,0.36,4
38.269,0.00,-0.31,0.03,0.07,4
38.288,0.00,-0.34,-0.02,-0.19,4
38.309,0.00,0.22,0.01,-0.02,4
38.331,0.00,0.03,0.02,0.00,4
38.351,0.00,0.27,0.06,0.18,4
38.370,0.00,-0.02,0.05,0.12,4
38.390,0.00,-0.72,-0.08,-0.42,4
38.409,0.00,-0.14,-0.09,-0.46,4
38.429,0.00,-0.05,-0.09,-0.43,4
38.448,0.00,0.28,-0.04,-0.16,4
38.467,0.00,-0.13,-0.06,-0.22,4
38.488,0.00,0.20,-0.02,-0.03,4
38.509,0.00,-0.09,-0.03,-0.08,4
38.530,0.00,-0.17,-0.06,-0.18,4
38.549,0.00,-0.68,-0.16,-0.62,4
38.567,0.00,0.40,-0.08,-0.22,4
38.587,0.00,-0.06,-0.08,-0.20,4
38.606,0.00,-0.63,-0.17,-0.58,4
38.628,0.00,-0.49,-0.23,-0.79,4
38.647,0.00,-0.11,-0.23,-0.70,4
38.667,0.00,0.11,-0.18,-0.45,4
38.686,0.00,0.26,-0.12,-0.14,4
38.707,0.00,0.24,-0.07,0.11,4
38.727,0.00,-0.62,-0.15,-0.28,4
38.747,0.00,0.32,-0.08,0.06,4
